{"machine": {
  "muxInputs": [
    {
      "input": [
        {
          "type": "constant",
          "value": "0"
        },
        {
          "type": "constant",
          "value": "1"
        },
        {
          "type": "constant",
          "value": "8"
        },
        {
          "type": "constant",
          "value": "16"
        },
        {
          "type": "constant",
          "value": "24"
        },
        {
          "type": "register",
          "value": "ACCU"
        },
        {
          "type": "register",
          "value": "j"
        },
        {
          "type": "register",
          "value": "i"
        },
        {
          "type": "constant",
          "value": "255"
        },
        {
          "type": "constant",
          "value": "65280"
        },
        {
          "type": "constant",
          "value": "16711680"
        },
        {
          "type": "constant",
          "value": "-16777216"
        },
        {
          "type": "constant",
          "value": "13"
        },
        {
          "type": "register",
          "value": "tmp_i"
        },
        {
          "type": "register",
          "value": "tmp_j"
        },
        {
          "type": "register",
          "value": "counter"
        }
      ],
      "muxType": "A"
    },
    {
      "input": [
        {
          "type": "register",
          "value": "MDR"
        },
        {
          "type": "register",
          "value": "PC"
        },
        {
          "type": "register",
          "value": "IR"
        },
        {
          "type": "register",
          "value": "ACCU"
        },
        {
          "type": "register",
          "value": "tmp_adr"
        },
        {
          "type": "constant",
          "value": "80"
        },
        {
          "type": "constant",
          "value": "4"
        },
        {
          "type": "constant",
          "value": "256"
        }
      ],
      "muxType": "B"
    }
  ],
  "registers": {"register": [
    {
      "size": "BITS_32",
      "name": "j",
      "description": ""
    },
    {
      "size": "BITS_32",
      "name": "i",
      "description": ""
    },
    {
      "size": "BITS_32",
      "name": "tmp_adr",
      "description": "Temporaeres Register fuer eine Adresse"
    },
    {
      "size": "BITS_32",
      "name": "tmp_i",
      "description": "temporaeres Register fuer i"
    },
    {
      "size": "BITS_32",
      "name": "tmp_j",
      "description": "temporaeres Register fuer j"
    },
    {
      "size": "BITS_32",
      "name": "counter",
      "description": "counter für die For-Schleife\n"
    }
  ]},
  "alu": {"operation": [
    "A_ADD_B",
    "B_SUB_A",
    "TRANS_A",
    "TRANS_B",
    "A_AND_B",
    "B_SR_A",
    "A_MOD_B",
    "A_DIV_B",
    "A_INC",
    "A_DEC"
  ]}
}}