index;i1;i2;j1;j2;loopIndex
160;0;16;23;16;24
202;0;8;48;0;16
212;0;0;19;16;8
109;1;24;23;16;0
124;1;16;25;8;24
239;1;8;43;16;16
48;1;0;58;24;8
225;2;24;13;16;0
54;2;16;43;24;24
11;2;8;10;16;16
189;2;0;61;0;8
104;3;24;60;8;0
173;3;16;24;24;24
10;3;8;46;24;16
12;3;0;16;24;8
30;4;24;33;8;0
69;4;16;28;16;24
209;4;8;35;0;16
20;4;0;56;16;8
188;5;24;30;24;0
27;5;16;31;0;24
71;5;8;38;8;16
50;5;0;13;24;8
91;6;24;16;0;0
139;6;16;59;16;24
217;6;8;49;0;16
205;6;0;46;0;8
5;7;24;3;8;0
202;7;16;15;16;24
7;7;8;0;16;16
118;7;0;44;24;8
246;8;24;10;16;0
142;8;16;25;0;24
129;8;8;4;24;16
207;8;0;63;16;8
16;9;24;42;0;0
3;9;16;29;24;24
62;9;8;31;8;16
39;9;0;26;24;8
56;10;24;38;0;0
158;10;16;5;24;24
143;10;8;48;24;16
80;10;0;46;24;8
107;11;24;58;24;0
135;11;16;25;8;24
57;11;8;42;24;16
0;11;0;14;16;8
71;12;24;35;8;0
244;12;16;13;16;24
105;12;8;11;0;16
243;12;0;12;24;8
192;13;24;50;8;0
146;13;16;28;16;24
102;13;8;19;16;16
112;13;0;55;0;8
121;14;24;15;0;0
220;14;16;52;24;24
92;14;8;34;8;16
205;14;0;22;0;8
134;15;24;39;24;0
20;15;16;50;0;24
184;15;8;51;16;16
105;15;0;11;16;8
51;16;24;45;16;0
181;16;16;62;16;24
20;16;8;10;8;16
90;16;0;14;16;8
124;17;24;19;24;0
120;17;16;41;16;24
57;17;8;23;8;16
204;17;0;53;8;8
114;18;24;14;16;0
143;18;16;2;16;24
164;18;8;35;0;16
165;18;0;57;8;8
87;19;24;62;16;0
226;19;16;53;16;24
37;19;8;2;0;16
217;19;0;52;0;8
234;20;24;58;8;0
111;20;16;42;0;24
236;20;8;27;8;16
156;20;0;56;24;8
58;21;24;21;16;0
15;21;16;50;8;24
179;21;8;33;0;16
162;21;0;48;0;8
148;22;24;18;24;0
54;22;16;12;16;24
228;22;8;60;16;16
235;22;0;48;8;8
179;23;24;22;0;0
66;23;16;26;0;24
27;23;8;9;24;16
214;23;0;8;8;8
240;24;24;36;24;0
190;24;16;32;0;24
137;24;8;62;16;16
204;24;0;0;16;8
60;25;24;45;16;0
175;25;16;17;16;24
186;25;8;48;0;16
70;25;0;0;16;8
50;26;24;58;0;0
36;26;16;30;24;24
232;26;8;19;0;16
232;26;0;23;0;8
60;27;24;52;0;0
140;27;16;0;24;24
65;27;8;48;0;16
238;27;0;53;16;8
88;28;24;40;8;0
102;28;16;18;16;24
50;28;8;26;8;16
149;28;0;20;16;8
200;29;24;6;8;0
64;29;16;9;8;24
73;29;8;40;8;16
73;29;0;16;24;8
143;30;24;51;16;0
255;30;16;27;16;24
69;30;8;16;16;16
43;30;0;42;0;8
156;31;24;52;0;0
66;31;16;35;0;24
160;31;8;38;16;16
191;31;0;40;24;8
151;32;24;31;0;0
240;32;16;23;0;24
125;32;8;14;8;16
83;32;0;11;16;8
206;33;24;52;0;0
117;33;16;15;0;24
79;33;8;33;16;16
160;33;0;16;8;8
132;34;24;17;8;0
106;34;16;26;24;24
184;34;8;8;8;16
193;34;0;32;0;8
35;35;24;22;16;0
7;35;16;53;24;24
122;35;8;10;16;16
185;35;0;57;16;8
152;36;24;20;0;0
154;36;16;60;8;24
109;36;8;44;24;16
191;36;0;25;0;8
218;37;24;2;0;0
99;37;16;44;24;24
117;37;8;12;0;16
55;37;0;46;8;8
54;38;24;18;16;0
120;38;16;20;0;24
153;38;8;27;8;16
90;38;0;40;16;8
68;39;24;56;8;0
59;39;16;62;8;24
47;39;8;11;0;16
38;39;0;44;24;8
71;40;24;45;0;0
74;40;16;58;8;24
184;40;8;25;8;16
186;40;0;13;16;8
208;41;24;8;0;0
205;41;16;31;24;24
12;41;8;34;8;16
136;41;0;62;8;8
135;42;24;15;24;0
74;42;16;41;24;24
184;42;8;55;16;16
190;42;0;17;0;8
67;43;24;47;8;0
186;43;16;1;16;24
245;43;8;50;0;16
130;43;0;0;0;8
169;44;24;33;24;0
176;44;16;27;24;24
182;44;8;29;0;16
98;44;0;35;24;8
161;45;24;10;24;0
212;45;16;55;24;24
213;45;8;17;0;16
246;45;0;19;8;8
252;46;24;17;8;0
91;46;16;12;8;24
246;46;8;46;16;16
103;46;0;43;16;8
2;47;24;2;0;0
220;47;16;53;16;24
187;47;8;19;24;16
50;47;0;10;16;8
118;48;24;53;16;0
78;48;16;56;8;24
30;48;8;44;0;16
144;48;0;29;8;8
213;49;24;27;0;0
238;49;16;20;0;24
56;49;8;42;16;16
59;49;0;32;0;8
218;50;24;32;0;0
108;50;16;21;16;24
234;50;8;50;8;16
240;50;0;36;24;8
144;51;24;11;16;0
252;51;16;46;8;24
239;51;8;29;16;16
214;51;0;52;16;8
164;52;24;24;8;0
160;52;16;47;8;24
145;52;8;53;24;16
23;52;0;30;8;8
220;53;24;36;24;0
238;53;16;15;24;24
125;53;8;45;24;16
88;53;0;41;24;8
169;54;24;52;8;0
34;54;16;6;0;24
30;54;8;29;8;16
160;54;0;55;16;8
175;55;24;36;16;0
132;55;16;62;24;24
243;55;8;34;0;16
45;55;0;7;16;8
111;56;24;35;0;0
164;56;16;56;16;24
226;56;8;59;8;16
113;56;0;9;16;8
219;57;24;52;8;0
225;57;16;35;8;24
124;57;8;57;16;16
163;57;0;37;8;8
18;58;24;49;8;0
96;58;16;19;0;24
213;58;8;32;8;16
210;58;0;27;24;8
194;59;24;46;0;0
201;59;16;25;16;24
30;59;8;28;8;16
78;59;0;39;16;8
65;60;24;16;24;0
237;60;16;0;24;24
68;60;8;39;0;16
68;60;0;16;24;8
242;61;24;9;8;0
228;61;16;46;0;24
226;61;8;8;24;16
223;61;0;59;8;8
57;62;24;21;16;0
160;62;16;50;0;24
108;62;8;14;0;16
44;62;0;11;24;8
215;63;24;31;16;0
14;63;16;26;8;24
37;63;8;33;8;16
37;63;0;14;0;8
251;0;24;62;0;0
161;0;16;14;16;24
143;0;8;39;16;16
122;0;0;53;16;8
73;1;24;12;8;0
166;1;16;30;16;24
248;1;8;8;16;16
33;1;0;5;8;8
19;2;24;42;8;0
118;2;16;30;8;24
13;2;8;2;24;16
218;2;0;25;8;8
222;3;24;52;0;0
242;3;16;4;8;24
253;3;8;25;16;16
91;3;0;58;16;8
88;4;24;36;8;0
205;4;16;59;24;24
151;4;8;10;0;16
225;4;0;59;16;8
215;5;24;25;8;0
228;5;16;30;8;24
238;5;8;27;0;16
196;5;0;1;0;8
48;6;24;20;0;0
7;6;16;13;24;24
234;6;8;63;16;16
65;6;0;17;8;8
132;7;24;62;24;0
160;7;16;34;8;24
178;7;8;51;16;16
253;7;0;37;24;8
143;8;24;62;16;0
191;8;16;40;16;24
83;8;8;22;0;16
125;8;0;18;16;8
228;9;24;0;8;0
117;9;16;14;16;24
28;9;8;7;0;16
87;9;0;23;24;8
78;10;24;62;24;0
21;10;16;53;16;24
129;10;8;1;8;16
207;10;0;17;16;8
123;11;24;13;8;0
10;11;16;52;0;24
108;11;8;50;8;16
165;11;0;63;0;8
60;12;24;0;24;0
109;12;16;58;16;24
166;12;8;17;8;16
29;12;0;50;16;8
117;13;24;42;8;0
22;13;16;30;16;24
222;13;8;26;8;16
99;13;0;18;24;8
228;14;24;24;16;0
222;14;16;38;24;24
137;14;8;28;0;16
103;14;0;10;24;8
114;15;24;53;24;0
108;15;16;46;16;24
171;15;8;27;0;16
165;15;0;54;0;8
250;16;24;31;24;0
167;16;16;20;24;24
112;16;8;3;16;16
90;16;0;22;24;8
170;17;24;48;16;0
64;17;16;0;24;24
143;17;8;23;16;16
69;17;0;50;24;8
220;18;24;41;8;0
181;18;16;37;24;24
201;18;8;44;8;16
141;18;0;0;24;8
130;19;24;29;0;0
87;19;16;31;16;24
136;19;8;33;24;16
70;19;0;3;16;8
38;20;24;56;16;0
82;20;16;50;24;24
86;20;8;60;16;16
211;20;0;15;16;8
126;21;24;0;8;0
254;21;16;26;16;24
214;21;8;23;0;16
112;21;0;49;16;8
250;22;24;4;24;0
251;22;16;57;8;24
163;22;8;2;8;16
150;22;0;49;24;8
160;23;24;0;16;0
191;23;16;23;8;24
242;23;8;46;0;16
190;23;0;44;16;8
28;24;24;12;0;0
36;24;16;19;24;24
174;24;8;55;16;16
108;24;0;40;16;8
192;25;24;10;16;0
244;25;16;31;24;24
200;25;8;61;16;16
131;25;0;43;24;8
86;26;24;51;8;0
174;26;16;13;16;24
39;26;8;9;8;16
225;26;0;63;8;8
204;27;24;58;24;0
32;27;16;34;24;24
6;27;8;40;0;16
219;27;0;22;16;8
185;28;24;57;24;0
218;28;16;40;0;24
53;28;8;44;24;16
110;28;0;34;0;8
145;29;24;34;8;0
188;29;16;17;16;24
155;29;8;40;24;16
163;29;0;5;0;8
40;30;24;6;16;0
185;30;16;58;24;24
154;30;8;63;24;16
211;30;0;47;16;8
158;31;24;4;24;0
255;31;16;5;8;24
77;31;8;43;24;16
186;31;0;34;0;8
199;32;24;16;0;0
151;32;16;20;0;24
79;32;8;33;8;16
51;32;0;33;8;8
147;33;24;35;16;0
227;33;16;52;0;24
70;33;8;52;0;16
77;33;0;45;8;8
128;34;24;21;8;0
66;34;16;39;8;24
99;34;8;39;16;16
42;34;0;31;24;8
201;35;24;36;16;0
62;35;16;38;24;24
117;35;8;21;24;16
162;35;0;49;8;8
17;36;24;55;24;0
62;36;16;60;16;24
39;36;8;38;8;16
68;36;0;40;8;8
233;37;24;36;24;0
63;37;16;19;8;24
230;37;8;63;0;16
250;37;0;43;0;8
234;38;24;45;8;0
153;38;16;9;24;24
236;38;8;51;16;16
51;38;0;61;24;8
20;39;24;61;0;0
124;39;16;61;8;24
61;39;8;15;8;16
48;39;0;55;16;8
38;40;24;14;24;0
216;40;16;63;24;24
244;40;8;1;24;16
140;40;0;48;0;8
193;41;24;44;0;0
142;41;16;9;0;24
61;41;8;1;16;16
38;41;0;7;16;8
98;42;24;24;8;0
90;42;16;46;24;24
12;42;8;38;16;16
22;42;0;59;16;8
201;43;24;32;0;0
32;43;16;29;0;24
142;43;8;41;8;16
80;43;0;21;8;8
181;44;24;24;0;0
172;44;16;22;16;24
18;44;8;29;0;16
188;44;0;25;0;8
19;45;24;55;0;0
209;45;16;63;0;24
56;45;8;1;8;16
104;45;0;61;16;8
149;46;24;18;0;0
32;46;16;12;24;24
78;46;8;47;16;16
126;46;0;6;8;8
0;47;24;47;8;0
227;47;16;18;0;24
199;47;8;59;0;16
150;47;0;17;24;8
116;48;24;3;8;0
135;48;16;29;0;24
7;48;8;49;24;16
85;48;0;32;0;8
96;49;24;52;24;0
83;49;16;13;8;24
143;49;8;42;24;16
7;49;0;2;16;8
133;50;24;60;24;0
22;50;16;28;0;24
45;50;8;26;8;16
115;50;0;56;24;8
243;51;24;52;0;0
136;51;16;31;24;24
23;51;8;39;8;16
94;51;0;6;24;8
238;52;24;25;16;0
72;52;16;42;16;24
93;52;8;21;8;16
186;52;0;18;16;8
155;53;24;61;16;0
141;53;16;52;8;24
109;53;8;53;0;16
27;53;0;55;24;8
133;54;24;21;0;0
190;54;16;12;24;24
102;54;8;60;0;16
52;54;0;23;0;8
61;55;24;25;24;0
225;55;16;0;0;24
109;55;8;24;0;16
64;55;0;54;0;8
225;56;24;20;16;0
18;56;16;9;16;24
209;56;8;62;8;16
206;56;0;13;24;8
204;57;24;47;0;0
93;57;16;5;8;24
48;57;8;59;24;16
255;57;0;55;8;8
251;58;24;43;16;0
30;58;16;37;8;24
253;58;8;14;24;16
18;58;0;8;24;8
213;59;24;61;8;0
255;59;16;18;8;24
72;59;8;6;24;16
0;59;0;47;24;8
180;60;24;40;0;0
84;60;16;46;24;24
7;60;8;23;16;16
171;60;0;8;24;8
1;61;24;17;0;0
148;61;16;60;0;24
105;61;8;50;16;16
3;61;0;51;24;8
208;62;24;26;24;0
68;62;16;51;16;24
193;62;8;40;8;16
5;62;0;24;8;8
181;63;24;9;8;0
37;63;16;59;0;24
126;63;8;49;0;16
45;63;0;57;0;8
181;0;24;13;16;0
101;0;16;28;8;24
74;0;8;13;0;16
7;0;0;53;8;8
250;1;24;55;8;0
130;1;16;47;24;24
157;1;8;48;0;16
116;1;0;22;0;8
195;2;24;58;16;0
181;2;16;18;8;24
15;2;8;27;8;16
215;2;0;58;8;8
9;3;24;22;0;0
202;3;16;57;24;24
41;3;8;43;8;16
116;3;0;33;16;8
93;4;24;54;24;0
0;4;16;18;0;24
63;4;8;40;0;16
217;4;0;48;8;8
33;5;24;8;24;0
157;5;16;60;24;24
126;5;8;17;0;16
154;5;0;47;8;8
130;6;24;35;24;0
187;6;16;35;8;24
135;6;8;58;0;16
140;6;0;56;0;8
131;7;24;45;16;0
125;7;16;51;16;24
53;7;8;15;24;16
127;7;0;8;8;8
109;8;24;32;24;0
97;8;16;37;0;24
223;8;8;31;16;16
39;8;0;3;24;8
244;9;24;30;8;0
146;9;16;19;8;24
171;9;8;4;8;16
186;9;0;33;8;8
103;10;24;14;0;0
143;10;16;48;0;24
10;10;8;4;0;16
232;10;0;40;0;8
247;11;24;11;16;0
3;11;16;45;0;24
226;11;8;11;24;16
129;11;0;39;24;8
218;12;24;29;16;0
99;12;16;62;16;24
252;12;8;16;8;16
149;12;0;49;24;8
224;13;24;63;8;0
103;13;16;19;24;24
90;13;8;44;8;16
46;13;0;29;0;8
91;14;24;6;16;0
81;14;16;48;24;24
210;14;8;27;8;16
77;14;0;8;0;8
237;15;24;36;8;0
84;15;16;55;8;24
47;15;8;9;8;16
165;15;0;23;0;8
110;16;24;46;24;0
30;16;16;34;0;24
56;16;8;53;24;16
134;16;0;35;24;8
147;17;24;56;16;0
43;17;16;39;24;24
39;17;8;51;8;16
21;17;0;9;16;8
179;18;24;8;0;0
26;18;16;5;8;24
38;18;8;29;0;16
239;18;0;58;8;8
7;19;24;14;24;0
75;19;16;34;16;24
121;19;8;23;16;16
231;19;0;6;8;8
52;20;24;27;24;0
114;20;16;56;8;24
202;20;8;3;0;16
169;20;0;7;0;8
52;21;24;54;0;0
212;21;16;28;8;24
189;21;8;7;0;16
190;21;0;38;8;8
214;22;24;18;16;0
98;22;16;15;0;24
246;22;8;47;8;16
130;22;0;11;0;8
210;23;24;36;8;0
35;23;16;25;8;24
218;23;8;62;0;16
223;23;0;13;24;8
204;24;24;51;8;0
240;24;16;54;16;24
161;24;8;38;16;16
228;24;0;62;16;8
63;25;24;63;8;0
201;25;16;18;0;24
129;25;8;7;0;16
29;25;0;3;0;8
94;26;24;42;0;0
169;26;16;60;8;24
133;26;8;58;16;16
80;26;0;60;8;8
144;27;24;17;24;0
2;27;16;49;24;24
69;27;8;28;8;16
60;27;0;37;0;8
27;28;24;49;16;0
134;28;16;56;24;24
176;28;8;35;8;16
16;28;0;4;16;8
34;29;24;40;0;0
130;29;16;31;24;24
30;29;8;47;24;16
198;29;0;7;16;8
244;30;24;16;0;0
99;30;16;11;16;24
122;30;8;38;0;16
225;30;0;43;16;8
77;31;24;33;8;0
36;31;16;27;24;24
181;31;8;8;0;16
224;31;0;63;8;8
205;32;24;23;24;0
127;32;16;56;0;24
41;32;8;63;0;16
62;32;0;47;8;8
81;33;24;18;8;0
33;33;16;8;16;24
197;33;8;62;8;16
164;33;0;25;24;8
50;34;24;17;24;0
210;34;16;37;16;24
196;34;8;62;16;16
214;34;0;51;24;8
125;35;24;33;24;0
88;35;16;46;0;24
16;35;8;26;16;16
240;35;0;38;16;8
40;36;24;33;0;0
209;36;16;44;24;24
179;36;8;4;0;16
102;36;0;19;0;8
135;37;24;18;8;0
191;37;16;38;0;24
161;37;8;33;24;16
105;37;0;42;16;8
168;38;24;35;24;0
112;38;16;47;24;24
228;38;8;13;0;16
163;38;0;34;24;8
225;39;24;16;0;0
36;39;16;48;24;24
152;39;8;56;8;16
30;39;0;28;0;8
178;40;24;15;8;0
177;40;16;20;8;24
27;40;8;9;0;16
205;40;0;46;16;8
49;41;24;34;8;0
122;41;16;41;24;24
246;41;8;52;0;16
99;41;0;56;16;8
11;42;24;20;0;0
243;42;16;30;24;24
102;42;8;40;0;16
146;42;0;15;0;8
53;43;24;28;8;0
251;43;16;33;24;24
111;43;8;19;8;16
26;43;0;59;8;8
76;44;24;5;0;0
206;44;16;51;16;24
121;44;8;12;0;16
232;44;0;63;0;8
4;45;24;38;8;0
184;45;16;27;24;24
216;45;8;39;16;16
95;45;0;9;0;8
200;46;24;32;24;0
86;46;16;4;8;24
240;46;8;52;0;16
34;46;0;2;8;8
84;47;24;14;8;0
144;47;16;36;24;24
251;47;8;19;0;16
46;47;0;54;8;8
192;48;24;21;0;0
199;48;16;29;16;24
171;48;8;37;24;16
57;48;0;7;24;8
166;49;24;39;24;0
100;49;16;50;8;24
61;49;8;57;0;16
123;49;0;47;0;8
237;50;24;23;16;0
60;50;16;12;0;24
19;50;8;24;16;16
66;50;0;23;8;8
178;51;24;12;16;0
211;51;16;57;0;24
146;51;8;32;16;16
96;51;0;25;16;8
55;52;24;1;8;0
59;52;16;2;8;24
147;52;8;57;0;16
90;52;0;42;24;8
136;53;24;60;16;0
77;53;16;40;16;24
180;53;8;16;24;16
38;53;0;21;8;8
33;54;24;42;16;0
116;54;16;45;24;24
39;54;8;15;0;16
81;54;0;62;0;8
14;55;24;12;0;0
96;55;16;29;16;24
245;55;8;48;16;16
73;55;0;34;16;8
53;56;24;41;24;0
33;56;16;44;8;24
97;56;8;53;24;16
152;56;0;22;0;8
18;57;24;57;24;0
121;57;16;58;8;24
58;57;8;17;24;16
180;57;0;8;16;8
38;58;24;19;16;0
81;58;16;17;24;24
1;58;8;18;8;16
178;58;0;41;0;8
198;59;24;41;8;0
167;59;16;20;16;24
233;59;8;60;16;16
248;59;0;46;8;8
161;60;24;34;8;0
90;60;16;10;8;24
65;60;8;12;0;16
45;60;0;55;0;8
158;61;24;46;16;0
152;61;16;40;16;24
204;61;8;13;24;16
147;61;0;13;24;8
246;62;24;26;24;0
67;62;16;51;24;24
57;62;8;41;16;16
234;62;0;24;16;8
5;63;24;20;8;0
1;63;16;43;8;24
163;63;8;34;16;16
9;63;0;21;16;8
139;0;24;47;24;0
177;0;16;57;24;24
51;0;8;26;16;16
159;0;0;52;16;8
163;1;24;48;0;0
209;1;16;25;0;24
214;1;8;2;24;16
4;1;0;57;24;8
235;2;24;33;16;0
189;2;16;54;16;24
34;2;8;55;16;16
169;2;0;14;24;8
50;3;24;49;0;0
139;3;16;2;24;24
3;3;8;25;0;16
109;3;0;21;0;8
198;4;24;24;16;0
95;4;16;57;24;24
112;4;8;29;8;16
183;4;0;54;16;8
67;5;24;39;24;0
82;5;16;26;16;24
81;5;8;23;24;16
202;5;0;33;16;8
94;6;24;14;16;0
55;6;16;54;0;24
130;6;8;38;24;16
9;6;0;11;24;8
147;7;24;45;24;0
230;7;16;5;16;24
104;7;8;54;0;16
78;7;0;43;0;8
75;8;24;47;8;0
47;8;16;38;0;24
24;8;8;37;24;16
4;8;0;18;0;8
238;9;24;52;16;0
9;9;16;10;24;24
53;9;8;28;24;16
234;9;0;62;8;8
2;10;24;20;16;0
46;10;16;22;24;24
98;10;8;62;24;16
58;10;0;20;24;8
23;11;24;57;24;0
226;11;16;51;8;24
5;11;8;14;0;16
115;11;0;43;24;8
234;12;24;43;16;0
44;12;16;32;24;24
188;12;8;12;0;16
147;12;0;57;8;8
179;13;24;57;8;0
86;13;16;63;0;24
117;13;8;60;0;16
18;13;0;27;8;8
193;14;24;50;16;0
242;14;16;31;16;24
49;14;8;43;16;16
50;14;0;6;8;8
59;15;24;38;24;0
239;15;16;40;24;24
18;15;8;26;0;16
196;15;0;61;8;8
13;16;24;37;16;0
101;16;16;56;24;24
107;16;8;51;0;16
139;16;0;34;8;8
145;17;24;32;16;0
42;17;16;60;16;24
245;17;8;57;8;16
217;17;0;41;24;8
33;18;24;22;16;0
240;18;16;2;24;24
170;18;8;3;8;16
237;18;0;49;16;8
183;19;24;31;8;0
103;19;16;42;8;24
90;19;8;29;24;16
159;19;0;12;0;8
91;20;24;34;0;0
150;20;16;56;8;24
138;20;8;52;0;16
44;20;0;17;16;8
178;21;24;47;16;0
167;21;16;34;16;24
163;21;8;39;0;16
176;21;0;35;0;8
191;22;24;37;8;0
235;22;16;18;0;24
3;22;8;48;8;16
200;22;0;18;16;8
176;23;24;15;24;0
58;23;16;54;8;24
13;23;8;53;0;16
90;23;0;31;16;8
6;24;24;43;0;0
228;24;16;46;16;24
124;24;8;38;8;16
38;24;0;7;8;8
187;25;24;34;24;0
182;25;16;27;24;24
66;25;8;6;16;16
132;25;0;30;24;8
165;26;24;43;24;0
70;26;16;30;16;24
182;26;8;1;0;16
129;26;0;52;8;8
139;27;24;45;8;0
232;27;16;14;24;24
151;27;8;44;0;16
252;27;0;50;8;8
38;28;24;4;8;0
17;28;16;31;16;24
86;28;8;44;24;16
171;28;0;16;16;8
24;29;24;2;0;0
125;29;16;19;16;24
62;29;8;55;0;16
255;29;0;17;24;8
138;30;24;40;0;0
171;30;16;28;24;24
128;30;8;31;24;16
132;30;0;18;0;8
204;31;24;21;0;0
226;31;16;48;8;24
110;31;8;30;0;16
216;31;0;32;24;8
46;32;24;33;16;0
183;32;16;31;24;24
217;32;8;34;16;16
46;32;0;2;24;8
127;33;24;6;8;0
127;33;16;7;0;24
182;33;8;2;0;16
205;33;0;62;16;8
12;34;24;24;0;0
218;34;16;28;24;24
157;34;8;10;0;16
7;34;0;32;0;8
120;35;24;25;8;0
0;35;16;33;0;24
188;35;8;58;16;16
83;35;0;54;16;8
88;36;24;11;0;0
165;36;16;53;0;24
176;36;8;9;0;16
105;36;0;20;16;8
157;37;24;18;8;0
1;37;16;58;16;24
216;37;8;60;24;16
247;37;0;13;24;8
140;38;24;44;8;0
120;38;16;60;8;24
210;38;8;52;0;16
16;38;0;44;24;8
221;39;24;28;0;0
239;39;16;41;24;24
136;39;8;6;8;16
255;39;0;12;24;8
138;40;24;14;24;0
36;40;16;8;24;24
41;40;8;25;8;16
22;40;0;49;16;8
188;41;24;61;8;0
200;41;16;51;0;24
233;41;8;51;8;16
24;41;0;10;0;8
136;42;24;59;24;0
140;42;16;15;0;24
226;42;8;26;0;16
208;42;0;24;16;8
150;43;24;37;16;0
143;43;16;49;16;24
174;43;8;8;16;16
236;43;0;20;0;8
243;44;24;12;24;0
132;44;16;18;24;24
158;44;8;49;8;16
12;44;0;16;16;8
227;45;24;50;16;0
160;45;16;43;0;24
35;45;8;36;0;16
70;45;0;26;24;8
23;46;24;53;0;0
29;46;16;56;16;24
127;46;8;42;8;16
31;46;0;37;16;8
123;47;24;63;24;0
198;47;16;29;24;24
103;47;8;32;0;16
25;47;0;22;0;8
85;48;24;39;8;0
71;48;16;58;8;24
70;48;8;21;16;16
13;48;0;17;0;8
140;49;24;27;16;0
238;49;16;39;16;24
243;49;8;6;0;16
88;49;0;42;8;8
61;50;24;62;16;0
72;50;16;32;16;24
37;50;8;38;24;16
73;50;0;55;16;8
223;51;24;16;16;0
45;51;16;23;8;24
155;51;8;23;16;16
90;51;0;13;8;8
17;52;24;51;24;0
31;52;16;20;8;24
80;52;8;7;16;16
169;52;0;63;8;8
10;53;24;8;24;0
235;53;16;47;16;24
154;53;8;52;8;16
211;53;0;16;16;8
75;54;24;3;0;0
9;54;16;63;0;24
206;54;8;39;16;16
48;54;0;24;0;8
20;55;24;14;16;0
250;55;16;31;8;24
249;55;8;9;0;16
165;55;0;46;16;8
252;56;24;1;24;0
16;56;16;3;8;24
41;56;8;25;16;16
189;56;0;29;8;8
178;57;24;2;8;0
234;57;16;31;16;24
24;57;8;28;8;16
94;57;0;18;16;8
202;58;24;16;0;0
113;58;16;56;8;24
228;58;8;11;8;16
100;58;0;32;0;8
38;59;24;17;24;0
106;59;16;16;24;24
22;59;8;34;16;16
215;59;0;46;24;8
72;60;24;47;0;0
198;60;16;11;0;24
37;60;8;27;0;16
186;60;0;24;0;8
109;61;24;9;0;0
20;61;16;53;0;24
176;61;8;2;24;16
198;61;0;38;0;8
101;62;24;14;0;0
49;62;16;34;8;24
10;62;8;5;24;16
170;62;0;16;8;8
160;63;24;42;16;0
53;63;16;19;8;24
81;63;8;11;0;16
245;63;0;7;0;8
30;0;24;16;0;0
31;0;16;51;24;24
34;0;8;30;8;16
163;0;0;44;16;8
132;1;24;63;24;0
84;1;16;10;16;24
82;1;8;23;8;16
243;1;0;59;24;8
252;2;24;7;16;0
51;2;16;33;8;24
10;2;8;6;8;16
9;2;0;1;8;8
10;3;24;42;16;0
16;3;16;60;0;24
154;3;8;63;16;16
210;3;0;50;0;8
221;4;24;33;0;0
208;4;16;24;0;24
34;4;8;42;0;16
89;4;0;63;0;8
211;5;24;34;16;0
249;5;16;58;8;24
118;5;8;18;24;16
115;5;0;58;16;8
142;6;24;36;0;0
169;6;16;16;24;24
124;6;8;53;24;16
4;6;0;20;8;8
10;7;24;23;16;0
139;7;16;35;8;24
94;7;8;4;8;16
100;7;0;0;8;8
138;8;24;9;24;0
133;8;16;32;24;24
8;8;8;39;0;16
219;8;0;59;24;8
178;9;24;3;8;0
196;9;16;48;24;24
76;9;8;43;16;16
106;9;0;28;16;8
170;10;24;7;24;0
4;10;16;18;16;24
223;10;8;2;0;16
50;10;0;26;24;8
146;11;24;58;0;0
164;11;16;56;0;24
45;11;8;11;0;16
5;11;0;30;0;8
149;12;24;22;24;0
144;12;16;44;16;24
191;12;8;46;8;16
157;12;0;30;16;8
225;13;24;47;16;0
189;13;16;62;8;24
161;13;8;52;0;16
191;13;0;26;8;8
253;14;24;28;8;0
52;14;16;18;24;24
46;14;8;18;16;16
65;14;0;58;16;8
49;15;24;55;24;0
2;15;16;48;0;24
189;15;8;2;8;16
94;15;0;23;16;8
244;16;24;2;8;0
46;16;16;30;16;24
233;16;8;41;0;16
242;16;0;50;0;8
86;17;24;35;24;0
226;17;16;63;8;24
114;17;8;63;8;16
51;17;0;60;24;8
75;18;24;49;8;0
202;18;16;49;0;24
171;18;8;48;24;16
50;18;0;35;0;8
221;19;24;35;16;0
195;19;16;51;0;24
29;19;8;29;24;16
26;19;0;21;24;8
15;20;24;21;0;0
178;20;16;32;16;24
210;20;8;63;0;16
105;20;0;12;16;8
212;21;24;4;16;0
98;21;16;31;24;24
87;21;8;2;16;16
106;21;0;3;24;8
125;22;24;58;16;0
170;22;16;7;0;24
212;22;8;42;0;16
45;22;0;32;0;8
4;23;24;16;24;0
253;23;16;36;0;24
35;23;8;50;24;16
31;23;0;31;24;8
224;24;24;20;24;0
104;24;16;17;8;24
161;24;8;56;16;16
32;24;0;47;16;8
115;25;24;3;8;0
174;25;16;25;16;24
210;25;8;42;0;16
160;25;0;52;24;8
9;26;24;11;16;0
99;26;16;41;8;24
178;26;8;15;16;16
22;26;0;26;16;8
200;27;24;4;24;0
238;27;16;13;8;24
112;27;8;20;8;16
160;27;0;36;8;8
44;28;24;39;0;0
8;28;16;24;0;24
242;28;8;26;0;16
164;28;0;11;8;8
126;29;24;52;0;0
140;29;16;3;8;24
71;29;8;7;0;16
44;29;0;46;16;8
73;30;24;57;24;0
166;30;16;20;0;24
68;30;8;0;16;16
205;30;0;19;16;8
98;31;24;0;16;0
76;31;16;29;24;24
223;31;8;46;16;16
148;31;0;35;24;8
44;32;24;58;24;0
174;32;16;4;8;24
28;32;8;55;8;16
23;32;0;45;8;8
251;33;24;8;0;0
24;33;16;39;16;24
85;33;8;1;8;16
151;33;0;48;8;8
196;34;24;25;24;0
87;34;16;59;8;24
230;34;8;15;16;16
252;34;0;59;24;8
218;35;24;47;0;0
218;35;16;47;16;24
187;35;8;59;8;16
205;35;0;47;16;8
213;36;24;47;0;0
17;36;16;47;24;24
139;36;8;63;24;16
141;36;0;19;0;8
238;37;24;60;0;0
183;37;16;55;8;24
183;37;8;43;0;16
185;37;0;24;8;8
78;38;24;30;16;0
145;38;16;44;16;24
212;38;8;40;8;16
19;38;0;13;16;8
109;39;24;19;0;0
58;39;16;50;16;24
70;39;8;3;24;16
9;39;0;6;16;8
2;40;24;38;0;0
236;40;16;53;0;24
38;40;8;50;24;16
120;40;0;31;0;8
56;41;24;2;8;0
209;41;16;62;16;24
99;41;8;28;8;16
174;41;0;40;24;8
66;42;24;25;0;0
46;42;16;2;8;24
232;42;8;38;16;16
89;42;0;55;0;8
33;43;24;16;16;0
176;43;16;11;8;24
34;43;8;32;24;16
89;43;0;20;16;8
221;44;24;25;0;0
52;44;16;39;0;24
34;44;8;47;0;16
101;44;0;20;24;8
110;45;24;42;0;0
17;45;16;25;16;24
39;45;8;15;16;16
65;45;0;43;8;8
228;46;24;55;16;0
46;46;16;8;8;24
222;46;8;10;0;16
159;46;0;23;0;8
68;47;24;23;24;0
216;47;16;10;0;24
151;47;8;32;0;16
225;47;0;40;0;8
76;48;24;39;24;0
1;48;16;37;0;24
43;48;8;20;0;16
20;48;0;14;8;8
148;49;24;40;24;0
172;49;16;23;8;24
115;49;8;13;24;16
148;49;0;13;16;8
80;50;24;9;8;0
224;50;16;40;24;24
127;50;8;43;8;16
57;50;0;52;8;8
222;51;24;22;0;0
24;51;16;26;0;24
1;51;8;1;0;16
11;51;0;18;16;8
121;52;24;27;8;0
53;52;16;1;0;24
243;52;8;10;0;16
249;52;0;52;24;8
54;53;24;25;24;0
80;53;16;44;8;24
173;53;8;13;0;16
29;53;0;28;0;8
111;54;24;60;24;0
166;54;16;2;16;24
142;54;8;14;16;16
138;54;0;40;0;8
217;55;24;37;8;0
29;55;16;49;16;24
178;55;8;44;24;16
197;55;0;61;8;8
49;56;24;41;0;0
86;56;16;16;8;24
90;56;8;56;16;16
133;56;0;54;16;8
100;57;24;1;24;0
248;57;16;30;0;24
38;57;8;39;8;16
153;57;0;9;16;8
224;58;24;32;16;0
155;58;16;23;8;24
34;58;8;47;0;16
30;58;0;16;8;8
5;59;24;60;16;0
162;59;16;23;0;24
4;59;8;36;24;16
157;59;0;14;24;8
212;60;24;45;16;0
67;60;16;25;24;24
39;60;8;18;16;16
216;60;0;59;16;8
156;61;24;37;8;0
161;61;16;62;8;24
3;61;8;16;24;16
111;61;0;28;0;8
109;62;24;14;24;0
149;62;16;9;0;24
177;62;8;34;0;16
21;62;0;1;0;8
129;63;24;17;0;0
219;63;16;20;16;24
10;63;8;20;16;16
71;63;0;51;0;8
96;0;24;50;16;0
141;0;16;31;16;24
184;0;8;27;16;16
100;0;0;54;16;8
86;1;24;1;24;0
75;1;16;10;0;24
179;1;8;37;24;16
35;1;0;4;24;8
235;2;24;54;0;0
12;2;16;61;24;24
158;2;8;37;0;16
54;2;0;22;16;8
60;3;24;39;24;0
121;3;16;24;8;24
251;3;8;39;16;16
180;3;0;40;16;8
214;4;24;7;16;0
177;4;16;63;16;24
25;4;8;9;0;16
20;4;0;11;24;8
154;5;24;29;16;0
75;5;16;3;16;24
159;5;8;9;16;16
14;5;0;61;0;8
175;6;24;54;0;0
145;6;16;58;24;24
141;6;8;52;24;16
80;6;0;21;8;8
132;7;24;0;16;0
48;7;16;31;16;24
65;7;8;21;0;16
189;7;0;26;24;8
80;8;24;52;24;0
207;8;16;62;16;24
187;8;8;15;8;16
200;8;0;42;0;8
49;9;24;14;0;0
212;9;16;20;0;24
134;9;8;17;24;16
79;9;0;27;8;8
239;10;24;27;16;0
200;10;16;17;24;24
143;10;8;24;16;16
73;10;0;34;24;8
225;11;24;35;16;0
30;11;16;58;8;24
206;11;8;53;0;16
234;11;0;36;24;8
45;12;24;18;24;0
200;12;16;30;8;24
43;12;8;12;24;16
158;12;0;3;8;8
15;13;24;57;24;0
130;13;16;57;16;24
154;13;8;2;0;16
62;13;0;36;24;8
188;14;24;21;16;0
206;14;16;33;16;24
8;14;8;27;24;16
209;14;0;63;24;8
95;15;24;14;8;0
199;15;16;4;8;24
31;15;8;21;0;16
209;15;0;24;8;8
193;16;24;42;24;0
93;16;16;2;8;24
136;16;8;35;16;16
87;16;0;22;0;8
76;17;24;12;8;0
165;17;16;40;8;24
45;17;8;38;24;16
50;17;0;54;24;8
61;18;24;36;24;0
46;18;16;29;16;24
215;18;8;9;0;16
250;18;0;34;8;8
11;19;24;26;16;0
201;19;16;45;16;24
57;19;8;11;16;16
12;19;0;17;0;8
209;20;24;54;24;0
145;20;16;54;24;24
53;20;8;61;24;16
17;20;0;3;24;8
90;21;24;0;24;0
244;21;16;49;16;24
29;21;8;18;0;16
253;21;0;36;24;8
86;22;24;12;24;0
4;22;16;60;8;24
134;22;8;14;8;16
238;22;0;2;24;8
33;23;24;1;16;0
50;23;16;43;0;24
228;23;8;35;24;16
187;23;0;62;8;8
86;24;24;1;8;0
120;24;16;8;0;24
236;24;8;11;8;16
134;24;0;60;8;8
179;25;24;40;16;0
218;25;16;22;0;24
158;25;8;57;0;16
246;25;0;63;16;8
239;26;24;3;8;0
131;26;16;59;16;24
233;26;8;2;24;16
219;26;0;6;24;8
176;27;24;63;0;0
9;27;16;63;8;24
26;27;8;10;24;16
135;27;0;34;24;8
208;28;24;41;0;0
223;28;16;58;0;24
125;28;8;25;24;16
214;28;0;37;0;8
213;29;24;2;8;0
218;29;16;59;0;24
242;29;8;9;16;16
98;29;0;45;0;8
32;30;24;53;16;0
109;30;16;59;24;24
153;30;8;7;8;16
67;30;0;37;16;8
55;31;24;16;0;0
221;31;16;47;0;24
220;31;8;22;16;16
17;31;0;4;24;8
51;32;24;24;8;0
155;32;16;47;8;24
97;32;8;3;8;16
106;32;0;25;8;8
170;33;24;61;24;0
209;33;16;9;24;24
163;33;8;4;24;16
31;33;0;58;0;8
230;34;24;18;0;0
221;34;16;6;24;24
47;34;8;30;0;16
227;34;0;55;0;8
36;35;24;47;24;0
73;35;16;15;0;24
132;35;8;50;16;16
145;35;0;49;0;8
93;36;24;3;24;0
252;36;16;8;24;24
22;36;8;26;0;16
28;36;0;41;16;8
185;37;24;3;8;0
24;37;16;33;16;24
180;37;8;11;8;16
142;37;0;24;16;8
174;38;24;21;0;0
146;38;16;57;8;24
109;38;8;50;16;16
226;38;0;18;0;8
61;39;24;35;8;0
30;39;16;50;16;24
58;39;8;59;24;16
104;39;0;9;24;8
145;40;24;39;8;0
44;40;16;19;16;24
121;40;8;47;16;16
28;40;0;9;0;8
79;41;24;53;24;0
163;41;16;3;8;24
146;41;8;62;24;16
91;41;0;5;0;8
206;42;24;23;16;0
152;42;16;58;24;24
84;42;8;16;16;16
123;42;0;43;8;8
201;43;24;27;16;0
99;43;16;12;24;24
80;43;8;39;16;16
196;43;0;17;0;8
194;44;24;12;8;0
165;44;16;11;8;24
215;44;8;31;24;16
20;44;0;20;24;8
213;45;24;24;0;0
102;45;16;43;0;24
78;45;8;63;8;16
170;45;0;36;24;8
234;46;24;17;16;0
229;46;16;11;8;24
205;46;8;0;0;16
91;46;0;27;8;8
95;47;24;18;0;0
96;47;16;46;0;24
123;47;8;5;0;16
94;47;0;36;0;8
226;48;24;57;8;0
41;48;16;59;24;24
41;48;8;22;0;16
179;48;0;34;24;8
45;49;24;45;8;0
40;49;16;30;0;24
106;49;8;6;24;16
133;49;0;5;8;8
84;50;24;29;16;0
18;50;16;44;24;24
23;50;8;8;16;16
137;50;0;13;8;8
212;51;24;34;0;0
132;51;16;36;0;24
79;51;8;62;24;16
58;51;0;29;8;8
47;52;24;55;8;0
3;52;16;30;8;24
24;52;8;18;16;16
193;52;0;39;16;8
210;53;24;18;8;0
252;53;16;26;24;24
186;53;8;36;24;16
78;53;0;31;16;8
237;54;24;31;16;0
42;54;16;58;16;24
8;54;8;17;0;16
6;54;0;10;0;8
183;55;24;4;16;0
213;55;16;63;0;24
72;55;8;25;0;16
216;55;0;50;0;8
93;56;24;18;0;0
252;56;16;58;8;24
36;56;8;41;16;16
120;56;0;12;8;8
241;57;24;2;24;0
244;57;16;2;16;24
119;57;8;23;24;16
23;57;0;58;24;8
238;58;24;29;24;0
73;58;16;56;24;24
249;58;8;31;0;16
25;58;0;22;8;8
80;59;24;24;24;0
98;59;16;15;0;24
171;59;8;4;8;16
183;59;0;61;0;8
24;60;24;19;8;0
253;60;16;56;8;24
108;60;8;41;8;16
222;60;0;54;8;8
172;61;24;26;24;0
248;61;16;41;16;24
15;61;8;24;8;16
67;61;0;17;0;8
111;62;24;43;24;0
7;62;16;53;16;24
28;62;8;16;0;16
106;62;0;55;24;8
89;63;24;27;24;0
39;63;16;32;8;24
182;63;8;52;16;16
208;63;0;47;0;8
52;0;24;44;0;0
178;0;16;23;8;24
93;0;8;9;8;16
166;0;0;62;0;8
243;1;24;9;8;0
26;1;16;8;0;24
61;1;8;11;0;16
57;1;0;53;8;8
59;2;24;43;24;0
161;2;16;43;16;24
135;2;8;8;24;16
93;2;0;17;8;8
154;3;24;34;0;0
149;3;16;8;0;24
128;3;8;23;16;16
173;3;0;3;16;8
202;4;24;62;16;0
90;4;16;55;0;24
92;4;8;44;8;16
50;4;0;48;16;8
218;5;24;4;8;0
22;5;16;49;16;24
132;5;8;48;0;16
8;5;0;7;0;8
31;6;24;47;24;0
255;6;16;16;24;24
152;6;8;57;16;16
22;6;0;43;0;8
6;7;24;34;24;0
213;7;16;15;24;24
157;7;8;27;8;16
2;7;0;50;8;8
98;8;24;15;16;0
84;8;16;43;8;24
174;8;8;9;24;16
53;8;0;47;24;8
3;9;24;12;8;0
196;9;16;26;24;24
51;9;8;36;0;16
123;9;0;63;16;8
59;10;24;9;0;0
115;10;16;6;24;24
62;10;8;34;8;16
22;10;0;27;8;8
137;11;24;18;8;0
50;11;16;48;8;24
247;11;8;42;0;16
36;11;0;45;0;8
95;12;24;30;8;0
116;12;16;4;24;24
45;12;8;33;8;16
230;12;0;17;8;8
216;13;24;31;0;0
193;13;16;0;24;24
120;13;8;5;16;16
163;13;0;51;8;8
170;14;24;49;16;0
177;14;16;24;0;24
49;14;8;42;0;16
139;14;0;59;24;8
203;15;24;40;24;0
150;15;16;4;0;24
93;15;8;59;16;16
94;15;0;51;24;8
88;16;24;20;24;0
102;16;16;42;16;24
118;16;8;43;8;16
155;16;0;7;24;8
93;17;24;36;16;0
117;17;16;17;8;24
138;17;8;62;0;16
81;17;0;56;24;8
165;18;24;25;16;0
110;18;16;13;24;24
114;18;8;4;24;16
168;18;0;36;24;8
196;19;24;47;24;0
250;19;16;26;0;24
207;19;8;48;8;16
180;19;0;45;24;8
55;20;24;14;24;0
104;20;16;50;16;24
173;20;8;56;8;16
27;20;0;54;0;8
115;21;24;16;16;0
224;21;16;28;24;24
41;21;8;1;0;16
96;21;0;63;16;8
170;22;24;44;0;0
229;22;16;19;16;24
236;22;8;10;24;16
202;22;0;37;0;8
173;23;24;58;8;0
199;23;16;9;24;24
103;23;8;51;0;16
187;23;0;7;24;8
62;24;24;8;8;0
228;24;16;21;16;24
14;24;8;4;8;16
217;24;0;44;24;8
251;25;24;10;16;0
138;25;16;43;8;24
137;25;8;1;8;16
76;25;0;27;8;8
216;26;24;41;24;0
196;26;16;18;24;24
84;26;8;5;8;16
166;26;0;49;16;8
195;27;24;21;16;0
72;27;16;5;24;24
182;27;8;31;24;16
217;27;0;40;0;8
120;28;24;52;8;0
36;28;16;27;16;24
141;28;8;28;16;16
98;28;0;5;24;8
64;29;24;40;24;0
65;29;16;63;0;24
126;29;8;31;16;16
106;29;0;19;16;8
196;30;24;19;0;0
147;30;16;41;16;24
101;30;8;26;24;16
127;30;0;11;16;8
9;31;24;37;16;0
241;31;16;4;0;24
210;31;8;21;16;16
124;31;0;35;8;8
147;32;24;27;0;0
196;32;16;43;8;24
21;32;8;49;24;16
185;32;0;53;8;8
196;33;24;60;8;0
151;33;16;26;16;24
92;33;8;55;0;16
225;33;0;8;0;8
162;34;24;63;24;0
101;34;16;3;24;24
2;34;8;31;8;16
67;34;0;48;0;8
91;35;24;2;8;0
141;35;16;52;24;24
217;35;8;2;16;16
141;35;0;39;24;8
205;36;24;7;24;0
234;36;16;36;16;24
37;36;8;23;24;16
200;36;0;33;0;8
177;37;24;53;0;0
231;37;16;15;0;24
161;37;8;18;8;16
107;37;0;46;16;8
188;38;24;28;16;0
183;38;16;29;24;24
241;38;8;63;8;16
28;38;0;23;8;8
252;39;24;60;16;0
20;39;16;17;16;24
104;39;8;47;0;16
2;39;0;59;0;8
70;40;24;30;0;0
135;40;16;62;24;24
16;40;8;0;16;16
2;40;0;10;24;8
150;41;24;23;8;0
72;41;16;45;24;24
134;41;8;30;24;16
146;41;0;45;24;8
159;42;24;15;24;0
216;42;16;37;16;24
72;42;8;36;24;16
53;42;0;54;24;8
21;43;24;43;8;0
203;43;16;43;0;24
246;43;8;33;16;16
231;43;0;33;8;8
216;44;24;9;24;0
37;44;16;51;16;24
141;44;8;40;24;16
72;44;0;21;8;8
150;45;24;36;8;0
89;45;16;43;24;24
98;45;8;54;8;16
48;45;0;57;8;8
129;46;24;6;0;0
255;46;16;34;8;24
247;46;8;32;8;16
140;46;0;60;8;8
151;47;24;7;8;0
54;47;16;3;8;24
228;47;8;11;16;16
208;47;0;41;0;8
242;48;24;13;8;0
99;48;16;17;16;24
192;48;8;39;24;16
162;48;0;56;16;8
116;49;24;61;0;0
113;49;16;41;8;24
140;49;8;28;0;16
53;49;0;62;8;8
37;50;24;59;0;0
67;50;16;32;24;24
245;50;8;55;24;16
56;50;0;16;24;8
133;51;24;7;0;0
217;51;16;50;24;24
62;51;8;32;16;16
88;51;0;11;24;8
54;52;24;60;8;0
181;52;16;16;16;24
120;52;8;28;24;16
84;52;0;55;16;8
186;53;24;0;8;0
91;53;16;10;0;24
53;53;8;15;16;16
23;53;0;35;16;8
122;54;24;53;16;0
91;54;16;36;0;24
130;54;8;48;16;16
248;54;0;46;8;8
42;55;24;5;8;0
20;55;16;32;0;24
27;55;8;24;0;16
19;55;0;54;16;8
170;56;24;47;8;0
22;56;16;0;0;24
153;56;8;7;24;16
130;56;0;1;0;8
33;57;24;8;8;0
83;57;16;49;0;24
243;57;8;52;0;16
193;57;0;23;8;8
197;58;24;48;24;0
157;58;16;39;16;24
20;58;8;60;24;16
76;58;0;11;8;8
34;59;24;27;0;0
121;59;16;18;16;24
187;59;8;8;16;16
81;59;0;5;8;8
202;60;24;26;16;0
108;60;16;63;24;24
47;60;8;48;8;16
221;60;0;27;24;8
141;61;24;34;8;0
202;61;16;17;16;24
78;61;8;37;0;16
224;61;0;43;16;8
73;62;24;10;8;0
225;62;16;5;8;24
100;62;8;39;16;16
73;62;0;20;8;8
65;63;24;57;16;0
245;63;16;54;0;24
143;63;8;25;16;16
189;63;0;49;24;8
60;0;24;17;16;0
129;0;16;19;8;24
242;0;8;28;0;16
145;0;0;46;24;8
89;1;24;32;24;0
164;1;16;39;16;24
103;1;8;61;16;16
176;1;0;56;24;8
230;2;24;17;16;0
171;2;16;31;8;24
9;2;8;49;16;16
229;2;0;63;24;8
32;3;24;3;24;0
27;3;16;47;24;24
10;3;8;43;24;16
124;3;0;42;16;8
178;4;24;33;16;0
105;4;16;62;16;24
241;4;8;45;8;16
77;4;0;13;24;8
106;5;24;53;0;0
246;5;16;59;24;24
30;5;8;54;24;16
84;5;0;33;24;8
211;6;24;29;16;0
242;6;16;60;24;24
138;6;8;56;0;16
23;6;0;6;24;8
247;7;24;12;16;0
214;7;16;20;8;24
101;7;8;31;8;16
108;7;0;23;16;8
135;8;24;19;24;0
118;8;16;9;24;24
131;8;8;15;0;16
177;8;0;32;0;8
51;9;24;22;0;0
78;9;16;58;16;24
225;9;8;60;16;16
12;9;0;6;0;8
152;10;24;16;8;0
149;10;16;46;0;24
1;10;8;14;24;16
218;10;0;24;16;8
187;11;24;3;24;0
208;11;16;10;0;24
145;11;8;26;16;16
209;11;0;32;16;8
81;12;24;7;16;0
168;12;16;13;8;24
86;12;8;59;16;16
245;12;0;4;0;8
243;13;24;36;16;0
166;13;16;52;16;24
218;13;8;58;8;16
127;13;0;53;24;8
84;14;24;20;16;0
149;14;16;25;24;24
185;14;8;19;16;16
156;14;0;37;0;8
21;15;24;7;0;0
161;15;16;12;16;24
221;15;8;45;24;16
200;15;0;51;0;8
51;16;24;12;0;0
71;16;16;32;8;24
36;16;8;42;16;16
80;16;0;53;8;8
205;17;24;47;8;0
210;17;16;8;0;24
161;17;8;62;24;16
127;17;0;25;24;8
37;18;24;2;24;0
90;18;16;56;8;24
194;18;8;59;16;16
9;18;0;5;16;8
128;19;24;1;24;0
244;19;16;59;16;24
5;19;8;61;8;16
215;19;0;62;24;8
160;20;24;42;0;0
238;20;16;10;24;24
161;20;8;18;16;16
25;20;0;26;0;8
209;21;24;30;24;0
59;21;16;46;8;24
229;21;8;28;24;16
190;21;0;54;8;8
121;22;24;51;8;0
194;22;16;6;16;24
149;22;8;10;8;16
165;22;0;0;8;8
251;23;24;51;16;0
207;23;16;43;24;24
32;23;8;13;0;16
96;23;0;41;16;8
223;24;24;55;16;0
56;24;16;1;8;24
165;24;8;21;0;16
107;24;0;13;0;8
71;25;24;40;0;0
59;25;16;11;16;24
198;25;8;23;8;16
225;25;0;16;8;8
74;26;24;1;16;0
97;26;16;16;0;24
56;26;8;50;16;16
48;26;0;58;0;8
3;27;24;37;16;0
80;27;16;12;24;24
122;27;8;31;8;16
151;27;0;47;0;8
167;28;24;29;16;0
66;28;16;11;16;24
70;28;8;45;8;16
27;28;0;54;0;8
62;29;24;55;8;0
23;29;16;37;24;24
182;29;8;37;24;16
237;29;0;11;8;8
95;30;24;14;0;0
143;30;16;30;24;24
57;30;8;6;8;16
59;30;0;41;8;8
180;31;24;17;0;0
181;31;16;46;8;24
242;31;8;2;24;16
36;31;0;18;0;8
238;32;24;4;0;0
55;32;16;10;0;24
230;32;8;30;8;16
44;32;0;47;8;8
94;33;24;26;8;0
168;33;16;17;8;24
162;33;8;17;0;16
232;33;0;28;8;8
214;34;24;14;0;0
80;34;16;36;24;24
62;34;8;43;8;16
221;34;0;43;24;8
118;35;24;48;24;0
38;35;16;4;24;24
218;35;8;44;24;16
71;35;0;42;8;8
179;36;24;63;0;0
192;36;16;31;16;24
204;36;8;46;16;16
17;36;0;29;0;8
190;37;24;29;0;0
72;37;16;8;16;24
186;37;8;45;0;16
194;37;0;0;16;8
199;38;24;1;16;0
240;38;16;46;16;24
255;38;8;8;24;16
138;38;0;55;24;8
187;39;24;12;0;0
10;39;16;20;24;24
72;39;8;15;8;16
34;39;0;4;24;8
198;40;24;56;0;0
243;40;16;59;16;24
118;40;8;61;24;16
19;40;0;24;24;8
116;41;24;48;24;0
8;41;16;11;8;24
255;41;8;46;8;16
239;41;0;13;24;8
90;42;24;18;0;0
82;42;16;28;8;24
83;42;8;27;24;16
59;42;0;7;0;8
154;43;24;7;16;0
109;43;16;12;0;24
143;43;8;20;16;16
198;43;0;13;0;8
67;44;24;53;0;0
115;44;16;20;0;24
37;44;8;3;16;16
226;44;0;39;0;8
235;45;24;8;8;0
78;45;16;24;16;24
162;45;8;58;8;16
188;45;0;32;24;8
140;46;24;49;16;0
6;46;16;30;16;24
144;46;8;1;16;16
29;46;0;31;8;8
30;47;24;11;8;0
129;47;16;29;24;24
139;47;8;46;24;16
181;47;0;62;16;8
215;48;24;22;16;0
235;48;16;33;0;24
209;48;8;19;16;16
182;48;0;42;8;8
209;49;24;2;16;0
65;49;16;19;8;24
121;49;8;3;16;16
16;49;0;44;8;8
118;50;24;22;0;0
87;50;16;56;16;24
232;50;8;30;8;16
25;50;0;19;8;8
173;51;24;61;24;0
63;51;16;47;0;24
68;51;8;44;0;16
107;51;0;51;8;8
94;52;24;15;8;0
185;52;16;31;8;24
180;52;8;49;0;16
24;52;0;52;0;8
37;53;24;47;16;0
212;53;16;1;16;24
204;53;8;12;8;16
11;53;0;52;8;8
51;54;24;47;8;0
240;54;16;13;24;24
196;54;8;39;8;16
126;54;0;48;0;8
157;55;24;31;0;0
94;55;16;45;0;24
7;55;8;46;8;16
238;55;0;21;0;8
207;56;24;16;8;0
83;56;16;50;24;24
73;56;8;40;8;16
52;56;0;29;16;8
181;57;24;30;0;0
173;57;16;3;8;24
63;57;8;61;16;16
78;57;0;10;0;8
157;58;24;35;8;0
108;58;16;7;24;24
35;58;8;41;16;16
107;58;0;49;0;8
246;59;24;55;24;0
98;59;16;57;8;24
180;59;8;50;16;16
28;59;0;9;16;8
110;60;24;40;24;0
75;60;16;42;24;24
94;60;8;4;16;16
24;60;0;17;24;8
64;61;24;58;8;0
96;61;16;52;16;24
99;61;8;54;8;16
222;61;0;41;24;8
117;62;24;41;8;0
89;62;16;57;0;24
79;62;8;49;24;16
25;62;0;22;24;8
132;63;24;35;0;0
98;63;16;35;8;24
88;63;8;36;0;16
143;63;0;58;24;8
98;0;24;40;0;0
162;0;16;59;16;24
212;0;8;49;16;16
181;0;0;4;16;8
150;1;24;0;24;0
201;1;16;18;24;24
179;1;8;28;16;16
134;1;0;13;8;8
0;2;24;33;24;0
192;2;16;56;0;24
75;2;8;41;16;16
42;2;0;20;0;8
254;3;24;63;8;0
169;3;16;47;16;24
176;3;8;20;24;16
207;3;0;51;0;8
187;4;24;40;16;0
150;4;16;59;16;24
222;4;8;8;16;16
166;4;0;58;16;8
106;5;24;44;24;0
111;5;16;54;24;24
187;5;8;2;8;16
77;5;0;44;8;8
118;6;24;57;0;0
120;6;16;12;8;24
221;6;8;53;24;16
213;6;0;63;8;8
240;7;24;35;24;0
30;7;16;34;8;24
94;7;8;48;0;16
105;7;0;29;8;8
141;8;24;55;16;0
126;8;16;4;16;24
65;8;8;37;24;16
125;8;0;62;16;8
31;9;24;21;24;0
35;9;16;44;24;24
212;9;8;34;16;16
240;9;0;26;0;8
210;10;24;58;24;0
195;10;16;1;24;24
88;10;8;5;16;16
77;10;0;18;0;8
185;11;24;22;0;0
150;11;16;4;0;24
233;11;8;48;0;16
204;11;0;31;24;8
64;12;24;5;0;0
185;12;16;10;16;24
145;12;8;29;24;16
20;12;0;34;8;8
101;13;24;0;24;0
251;13;16;25;8;24
220;13;8;10;0;16
26;13;0;4;16;8
84;14;24;58;24;0
46;14;16;26;8;24
160;14;8;14;8;16
50;14;0;0;0;8
235;15;24;36;24;0
69;15;16;7;0;24
167;15;8;35;0;16
11;15;0;15;24;8
75;16;24;2;0;0
193;16;16;0;0;24
188;16;8;59;8;16
231;16;0;11;24;8
37;17;24;23;0;0
116;17;16;51;24;24
228;17;8;42;24;16
44;17;0;42;16;8
139;18;24;60;16;0
203;18;16;4;8;24
154;18;8;50;16;16
112;18;0;63;0;8
30;19;24;36;24;0
245;19;16;21;8;24
27;19;8;10;8;16
11;19;0;63;0;8
35;20;24;36;8;0
122;20;16;44;24;24
37;20;8;12;24;16
178;20;0;55;8;8
7;21;24;14;16;0
63;21;16;12;8;24
57;21;8;62;24;16
59;21;0;37;16;8
166;22;24;10;16;0
57;22;16;34;16;24
110;22;8;3;16;16
48;22;0;7;16;8
95;23;24;19;16;0
166;23;16;15;16;24
93;23;8;27;8;16
5;23;0;40;16;8
240;24;24;3;16;0
204;24;16;19;24;24
207;24;8;40;24;16
80;24;0;10;0;8
101;25;24;1;8;0
233;25;16;45;0;24
118;25;8;7;16;16
56;25;0;6;8;8
186;26;24;40;16;0
0;26;16;49;24;24
138;26;8;17;8;16
55;26;0;10;24;8
184;27;24;8;8;0
32;27;16;53;0;24
227;27;8;2;24;16
130;27;0;23;8;8
39;28;24;19;0;0
102;28;16;30;24;24
185;28;8;39;0;16
147;28;0;37;16;8
47;29;24;56;24;0
199;29;16;44;0;24
195;29;8;25;8;16
179;29;0;25;8;8
153;30;24;35;0;0
93;30;16;16;0;24
174;30;8;55;24;16
117;30;0;56;8;8
135;31;24;38;0;0
171;31;16;6;16;24
25;31;8;22;16;16
205;31;0;5;16;8
30;32;24;42;0;0
110;32;16;50;8;24
36;32;8;24;16;16
146;32;0;18;16;8
198;33;24;37;0;0
145;33;16;24;0;24
189;33;8;1;24;16
39;33;0;12;8;8
107;34;24;15;0;0
135;34;16;39;0;24
37;34;8;45;16;16
98;34;0;37;24;8
136;35;24;8;8;0
156;35;16;62;24;24
19;35;8;61;0;16
79;35;0;8;24;8
136;36;24;44;16;0
39;36;16;60;0;24
175;36;8;33;8;16
136;36;0;34;0;8
231;37;24;26;8;0
122;37;16;24;24;24
156;37;8;33;24;16
238;37;0;52;8;8
71;38;24;37;16;0
35;38;16;52;16;24
117;38;8;26;16;16
71;38;0;8;8;8
247;39;24;33;8;0
138;39;16;28;0;24
209;39;8;55;16;16
80;39;0;15;16;8
57;40;24;36;16;0
200;40;16;6;24;24
207;40;8;60;8;16
18;40;0;43;16;8
125;41;24;29;0;0
29;41;16;14;16;24
107;41;8;14;0;16
147;41;0;44;24;8
214;42;24;35;24;0
199;42;16;35;16;24
3;42;8;58;8;16
30;42;0;32;24;8
254;43;24;7;24;0
112;43;16;53;0;24
180;43;8;18;24;16
194;43;0;10;24;8
18;44;24;39;16;0
202;44;16;11;8;24
71;44;8;53;8;16
153;44;0;42;16;8
78;45;24;4;16;0
36;45;16;9;0;24
149;45;8;16;24;16
249;45;0;60;16;8
217;46;24;13;16;0
75;46;16;33;0;24
18;46;8;34;8;16
53;46;0;11;8;8
1;47;24;39;24;0
223;47;16;22;0;24
23;47;8;17;0;16
236;47;0;4;8;8
158;48;24;34;16;0
63;48;16;17;8;24
103;48;8;20;16;16
8;48;0;0;16;8
231;49;24;9;24;0
37;49;16;63;24;24
54;49;8;45;8;16
74;49;0;54;24;8
220;50;24;23;8;0
115;50;16;5;16;24
14;50;8;13;24;16
238;50;0;30;16;8
119;51;24;57;8;0
94;51;16;22;8;24
15;51;8;29;16;16
25;51;0;61;24;8
244;52;24;56;8;0
97;52;16;7;8;24
12;52;8;27;24;16
124;52;0;30;24;8
159;53;24;6;8;0
245;53;16;41;8;24
239;53;8;19;8;16
28;53;0;2;16;8
173;54;24;10;0;0
213;54;16;41;16;24
76;54;8;43;8;16
26;54;0;1;0;8
126;55;24;40;24;0
156;55;16;2;8;24
67;55;8;46;24;16
12;55;0;2;16;8
247;56;24;21;24;0
23;56;16;8;16;24
62;56;8;3;0;16
17;56;0;27;8;8
21;57;24;7;16;0
78;57;16;13;0;24
32;57;8;41;24;16
144;57;0;54;16;8
116;58;24;44;24;0
212;58;16;30;24;24
198;58;8;53;16;16
133;58;0;7;8;8
182;59;24;63;0;0
134;59;16;18;0;24
2;59;8;13;8;16
26;59;0;61;8;8
255;60;24;58;16;0
142;60;16;38;8;24
190;60;8;29;24;16
252;60;0;45;8;8
195;61;24;13;16;0
130;61;16;43;8;24
31;61;8;27;8;16
106;61;0;27;16;8
138;62;24;16;0;0
95;62;16;42;24;24
20;62;8;6;8;16
117;62;0;39;0;8
162;63;24;29;0;0
166;63;16;54;8;24
203;63;8;1;24;16
21;63;0;57;16;8
53;0;24;22;0;0
127;0;16;2;0;24
85;0;8;1;0;16
44;0;0;63;0;8
190;1;24;10;16;0
39;1;16;42;8;24
160;1;8;33;16;16
75;1;0;32;16;8
208;2;24;44;8;0
133;2;16;0;0;24
105;2;8;27;16;16
95;2;0;7;16;8
137;3;24;28;24;0
81;3;16;55;24;24
23;3;8;62;16;16
73;3;0;57;0;8
239;4;24;52;24;0
229;4;16;14;24;24
28;4;8;0;0;16
73;4;0;46;0;8
41;5;24;23;8;0
110;5;16;5;16;24
240;5;8;39;8;16
93;5;0;14;16;8
174;6;24;48;24;0
181;6;16;15;8;24
73;6;8;44;24;16
33;6;0;22;0;8
7;7;24;61;0;0
206;7;16;41;0;24
85;7;8;60;24;16
160;7;0;31;0;8
142;8;24;42;24;0
232;8;16;29;16;24
93;8;8;11;8;16
213;8;0;17;8;8
187;9;24;26;16;0
71;9;16;12;24;24
29;9;8;10;0;16
223;9;0;16;16;8
251;10;24;8;16;0
118;10;16;18;0;24
229;10;8;7;0;16
210;10;0;6;8;8
80;11;24;22;24;0
201;11;16;13;8;24
19;11;8;59;0;16
108;11;0;0;8;8
131;12;24;50;16;0
250;12;16;28;24;24
183;12;8;39;8;16
108;12;0;39;24;8
215;13;24;46;0;0
79;13;16;14;8;24
5;13;8;6;24;16
163;13;0;12;8;8
25;14;24;38;8;0
107;14;16;13;16;24
101;14;8;45;24;16
68;14;0;45;8;8
121;15;24;24;0;0
184;15;16;48;0;24
148;15;8;16;16;16
181;15;0;19;8;8
84;16;24;25;0;0
95;16;16;57;16;24
211;16;8;45;8;16
178;16;0;35;24;8
203;17;24;31;8;0
226;17;16;33;16;24
141;17;8;39;16;16
99;17;0;34;16;8
19;18;24;62;8;0
56;18;16;56;8;24
48;18;8;49;16;16
227;18;0;59;0;8
153;19;24;11;8;0
211;19;16;23;8;24
98;19;8;26;0;16
32;19;0;23;24;8
101;20;24;59;24;0
167;20;16;61;0;24
163;20;8;39;24;16
157;20;0;40;24;8
135;21;24;58;0;0
153;21;16;12;16;24
224;21;8;41;24;16
160;21;0;16;8;8
212;22;24;32;24;0
199;22;16;48;24;24
44;22;8;13;24;16
102;22;0;55;0;8
218;23;24;52;24;0
26;23;16;33;8;24
1;23;8;45;8;16
48;23;0;34;24;8
232;24;24;31;8;0
78;24;16;5;16;24
114;24;8;36;24;16
5;24;0;15;16;8
178;25;24;49;0;0
48;25;16;63;0;24
56;25;8;63;0;16
247;25;0;6;24;8
236;26;24;18;0;0
227;26;16;27;8;24
130;26;8;19;16;16
197;26;0;22;8;8
119;27;24;42;24;0
187;27;16;4;8;24
190;27;8;13;16;16
227;27;0;24;16;8
70;28;24;2;24;0
24;28;16;17;16;24
243;28;8;53;0;16
177;28;0;49;24;8
8;29;24;39;8;0
133;29;16;26;0;24
127;29;8;30;0;16
113;29;0;20;0;8
62;30;24;6;0;0
55;30;16;24;24;24
205;30;8;29;16;16
23;30;0;33;16;8
166;31;24;20;0;0
107;31;16;32;24;24
101;31;8;29;8;16
53;31;0;1;16;8
71;32;24;12;8;0
59;32;16;11;8;24
172;32;8;46;0;16
162;32;0;25;16;8
16;33;24;34;16;0
247;33;16;38;16;24
229;33;8;19;0;16
147;33;0;40;16;8
150;34;24;28;0;0
196;34;16;37;0;24
107;34;8;38;8;16
138;34;0;39;0;8
235;35;24;29;16;0
247;35;16;29;8;24
124;35;8;34;8;16
152;35;0;44;24;8
82;36;24;10;0;0
250;36;16;31;0;24
170;36;8;38;0;16
143;36;0;7;8;8
42;37;24;9;8;0
182;37;16;58;16;24
164;37;8;24;16;16
11;37;0;33;16;8
184;38;24;2;16;0
71;38;16;6;16;24
110;38;8;7;24;16
205;38;0;14;24;8
215;39;24;55;16;0
33;39;16;61;16;24
116;39;8;51;0;16
2;39;0;53;24;8
143;40;24;54;24;0
99;40;16;10;8;24
201;40;8;7;0;16
88;40;0;29;8;8
54;41;24;58;16;0
210;41;16;24;0;24
182;41;8;59;0;16
173;41;0;39;0;8
136;42;24;59;16;0
19;42;16;48;24;24
98;42;8;16;16;16
79;42;0;50;16;8
221;43;24;10;0;0
97;43;16;56;24;24
0;43;8;22;16;16
36;43;0;14;0;8
158;44;24;24;16;0
164;44;16;38;8;24
218;44;8;50;0;16
108;44;0;36;16;8
133;45;24;4;24;0
145;45;16;7;8;24
133;45;8;19;8;16
116;45;0;37;8;8
135;46;24;17;24;0
166;46;16;15;16;24
105;46;8;19;24;16
194;46;0;54;16;8
188;47;24;27;24;0
53;47;16;35;24;24
87;47;8;45;0;16
37;47;0;54;24;8
154;48;24;42;0;0
109;48;16;11;16;24
252;48;8;34;16;16
211;48;0;58;16;8
52;49;24;53;8;0
144;49;16;46;16;24
159;49;8;13;16;16
142;49;0;47;0;8
237;50;24;5;16;0
145;50;16;39;16;24
15;50;8;35;24;16
70;50;0;47;16;8
14;51;24;49;0;0
85;51;16;44;16;24
76;51;8;41;16;16
46;51;0;31;0;8
144;52;24;28;24;0
24;52;16;37;16;24
140;52;8;20;0;16
227;52;0;48;0;8
156;53;24;50;24;0
221;53;16;9;16;24
87;53;8;4;8;16
85;53;0;41;24;8
206;54;24;49;16;0
139;54;16;20;8;24
230;54;8;45;16;16
24;54;0;29;8;8
84;55;24;56;8;0
230;55;16;33;0;24
152;55;8;7;24;16
181;55;0;49;0;8
141;56;24;31;24;0
109;56;16;49;8;24
153;56;8;12;8;16
24;56;0;57;24;8
250;57;24;37;8;0
4;57;16;5;24;24
94;57;8;49;0;16
81;57;0;45;16;8
42;58;24;20;8;0
9;58;16;44;8;24
49;58;8;6;0;16
131;58;0;25;8;8
239;59;24;61;8;0
252;59;16;17;24;24
210;59;8;22;0;16
239;59;0;57;0;8
5;60;24;12;24;0
194;60;16;3;16;24
201;60;8;60;16;16
141;60;0;42;0;8
167;61;24;59;0;0
103;61;16;1;0;24
119;61;8;37;0;16
223;61;0;40;8;8
33;62;24;21;8;0
239;62;16;28;0;24
185;62;8;57;24;16
135;62;0;53;24;8
100;63;24;39;8;0
102;63;16;56;16;24
192;63;8;32;8;16
161;63;0;32;8;8
64;0;24;16;16;0
78;0;16;4;24;24
208;0;8;8;0;16
134;0;0;59;8;8
148;1;24;32;8;0
12;1;16;4;16;24
47;1;8;53;8;16
227;1;0;59;8;8
204;2;24;37;16;0
148;2;16;6;16;24
24;2;8;6;24;16
98;2;0;49;0;8
89;3;24;63;16;0
96;3;16;54;8;24
234;3;8;53;24;16
180;3;0;11;0;8
238;4;24;63;8;0
133;4;16;35;16;24
165;4;8;30;8;16
68;4;0;2;0;8
218;5;24;34;16;0
96;5;16;55;0;24
220;5;8;17;8;16
231;5;0;2;24;8
202;6;24;1;0;0
9;6;16;34;0;24
42;6;8;33;8;16
173;6;0;59;0;8
129;7;24;33;24;0
41;7;16;40;8;24
134;7;8;44;24;16
233;7;0;41;16;8
126;8;24;2;8;0
168;8;16;58;8;24
12;8;8;35;8;16
36;8;0;40;16;8
104;9;24;14;16;0
15;9;16;37;8;24
210;9;8;39;8;16
167;9;0;25;0;8
175;10;24;32;8;0
164;10;16;51;8;24
107;10;8;8;24;16
125;10;0;32;8;8
52;11;24;37;24;0
247;11;16;5;8;24
180;11;8;4;8;16
172;11;0;27;16;8
158;12;24;45;8;0
224;12;16;63;24;24
37;12;8;26;24;16
51;12;0;53;8;8
193;13;24;18;8;0
198;13;16;49;8;24
213;13;8;59;16;16
74;13;0;29;8;8
170;14;24;36;8;0
177;14;16;10;8;24
5;14;8;4;24;16
199;14;0;60;8;8
248;15;24;47;8;0
36;15;16;45;0;24
129;15;8;51;16;16
126;15;0;29;16;8
73;16;24;44;24;0
118;16;16;27;0;24
33;16;8;3;16;16
133;16;0;58;16;8
15;17;24;13;0;0
107;17;16;29;24;24
190;17;8;54;0;16
20;17;0;20;8;8
5;18;24;61;24;0
17;18;16;17;24;24
77;18;8;46;24;16
107;18;0;58;0;8
87;19;24;62;8;0
221;19;16;54;16;24
64;19;8;2;16;16
64;19;0;47;0;8
231;20;24;37;24;0
241;20;16;12;24;24
116;20;8;41;0;16
104;20;0;25;16;8
79;21;24;40;16;0
245;21;16;61;24;24
238;21;8;42;24;16
227;21;0;42;8;8
164;22;24;16;24;0
92;22;16;46;16;24
137;22;8;49;8;16
88;22;0;55;16;8
246;23;24;49;8;0
252;23;16;10;8;24
104;23;8;62;0;16
65;23;0;22;16;8
77;24;24;39;8;0
109;24;16;49;24;24
44;24;8;46;0;16
196;24;0;13;16;8
192;25;24;23;16;0
2;25;16;6;0;24
150;25;8;25;8;16
26;25;0;11;0;8
29;26;24;38;0;0
1;26;16;22;0;24
114;26;8;63;8;16
226;26;0;50;0;8
42;27;24;23;8;0
212;27;16;46;16;24
174;27;8;21;24;16
114;27;0;4;0;8
241;28;24;1;24;0
49;28;16;55;0;24
247;28;8;16;24;16
69;28;0;23;16;8
118;29;24;38;8;0
43;29;16;16;8;24
86;29;8;50;0;16
49;29;0;25;24;8
83;30;24;54;8;0
246;30;16;51;24;24
72;30;8;46;16;16
206;30;0;48;24;8
56;31;24;29;16;0
228;31;16;44;0;24
215;31;8;8;8;16
32;31;0;63;24;8
156;32;24;5;8;0
225;32;16;21;16;24
91;32;8;45;0;16
58;32;0;43;0;8
229;33;24;17;24;0
213;33;16;26;24;24
69;33;8;24;0;16
103;33;0;2;24;8
182;34;24;51;24;0
87;34;16;18;8;24
167;34;8;23;8;16
177;34;0;56;8;8
226;35;24;52;16;0
151;35;16;24;24;24
149;35;8;1;24;16
63;35;0;29;8;8
213;36;24;19;16;0
133;36;16;4;0;24
229;36;8;11;0;16
241;36;0;14;0;8
187;37;24;4;24;0
9;37;16;45;0;24
185;37;8;5;24;16
34;37;0;41;24;8
225;38;24;54;24;0
144;38;16;3;0;24
133;38;8;19;24;16
224;38;0;46;24;8
18;39;24;58;8;0
30;39;16;28;8;24
236;39;8;45;0;16
1;39;0;25;0;8
109;40;24;60;8;0
244;40;16;11;8;24
91;40;8;19;24;16
216;40;0;19;16;8
167;41;24;55;16;0
195;41;16;52;8;24
4;41;8;63;24;16
159;41;0;28;0;8
146;42;24;9;0;0
240;42;16;25;0;24
67;42;8;26;16;16
203;42;0;8;0;8
34;43;24;39;8;0
42;43;16;18;8;24
118;43;8;52;16;16
1;43;0;50;16;8
223;44;24;1;24;0
2;44;16;59;8;24
112;44;8;19;8;16
49;44;0;35;24;8
207;45;24;36;8;0
112;45;16;32;24;24
65;45;8;50;16;16
53;45;0;3;8;8
199;46;24;30;8;0
45;46;16;25;0;24
69;46;8;48;16;16
82;46;0;46;24;8
108;47;24;56;16;0
45;47;16;4;8;24
207;47;8;55;8;16
156;47;0;37;24;8
123;48;24;38;0;0
169;48;16;61;16;24
2;48;8;37;16;16
237;48;0;1;16;8
65;49;24;10;0;0
63;49;16;19;24;24
99;49;8;13;16;16
32;49;0;57;24;8
225;50;24;58;16;0
2;50;16;12;8;24
29;50;8;20;8;16
240;50;0;54;0;8
21;51;24;39;0;0
152;51;16;45;16;24
203;51;8;0;16;16
147;51;0;21;16;8
242;52;24;61;24;0
78;52;16;30;0;24
245;52;8;28;24;16
217;52;0;56;0;8
138;53;24;55;16;0
157;53;16;23;16;24
213;53;8;50;0;16
180;53;0;35;8;8
150;54;24;48;8;0
151;54;16;40;16;24
155;54;8;5;0;16
107;54;0;40;24;8
218;55;24;34;24;0
243;55;16;32;8;24
44;55;8;19;8;16
51;55;0;10;16;8
36;56;24;0;16;0
141;56;16;10;8;24
115;56;8;43;8;16
59;56;0;8;16;8
2;57;24;52;24;0
192;57;16;21;8;24
131;57;8;0;16;16
148;57;0;35;16;8
188;58;24;6;8;0
249;58;16;7;0;24
135;58;8;20;16;16
131;58;0;33;24;8
39;59;24;56;0;0
140;59;16;2;8;24
137;59;8;61;24;16
233;59;0;23;16;8
65;60;24;6;16;0
26;60;16;63;16;24
115;60;8;34;24;16
147;60;0;22;0;8
24;61;24;17;16;0
30;61;16;39;0;24
49;61;8;33;8;16
80;61;0;22;8;8
222;62;24;49;0;0
43;62;16;38;16;24
237;62;8;42;24;16
213;62;0;30;16;8
1;63;24;40;0;0
166;63;16;33;0;24
204;63;8;10;8;16
15;63;0;50;0;8
162;0;24;19;24;0
39;0;16;61;0;24
134;0;8;45;24;16
110;0;0;27;0;8
124;1;24;42;8;0
253;1;16;6;8;24
157;1;8;33;24;16
65;1;0;32;0;8
57;2;24;10;24;0
62;2;16;22;24;24
109;2;8;31;0;16
102;2;0;4;24;8
232;3;24;12;0;0
101;3;16;52;16;24
95;3;8;5;8;16
56;3;0;19;16;8
241;4;24;55;8;0
134;4;16;53;24;24
190;4;8;1;16;16
103;4;0;50;0;8
2;5;24;10;24;0
83;5;16;12;8;24
221;5;8;29;0;16
219;5;0;59;16;8
194;6;24;46;24;0
245;6;16;29;24;24
195;6;8;57;24;16
251;6;0;40;8;8
175;7;24;35;8;0
221;7;16;38;16;24
8;7;8;4;16;16
157;7;0;5;8;8
118;8;24;26;24;0
85;8;16;54;0;24
27;8;8;18;8;16
251;8;0;1;24;8
198;9;24;53;24;0
153;9;16;33;8;24
220;9;8;20;24;16
110;9;0;1;24;8
164;10;24;24;16;0
7;10;16;15;24;24
251;10;8;55;0;16
87;10;0;1;16;8
220;11;24;9;0;0
85;11;16;39;24;24
158;11;8;54;24;16
74;11;0;61;24;8
154;12;24;36;24;0
242;12;16;10;8;24
87;12;8;13;24;16
4;12;0;21;0;8
103;13;24;24;16;0
88;13;16;18;8;24
31;13;8;62;24;16
165;13;0;17;8;8
94;14;24;53;24;0
143;14;16;59;16;24
228;14;8;3;24;16
3;14;0;6;24;8
155;15;24;60;0;0
187;15;16;7;8;24
68;15;8;34;16;16
185;15;0;23;0;8
213;16;24;48;24;0
252;16;16;29;0;24
64;16;8;7;0;16
133;16;0;50;24;8
254;17;24;23;16;0
135;17;16;17;0;24
238;17;8;37;16;16
17;17;0;31;0;8
82;18;24;56;8;0
235;18;16;40;0;24
39;18;8;35;24;16
83;18;0;49;24;8
30;19;24;17;16;0
186;19;16;31;24;24
187;19;8;18;24;16
138;19;0;52;8;8
63;20;24;39;24;0
177;20;16;51;8;24
191;20;8;59;8;16
87;20;0;38;24;8
124;21;24;12;0;0
56;21;16;33;0;24
77;21;8;3;16;16
33;21;0;12;24;8
191;22;24;24;24;0
97;22;16;47;8;24
218;22;8;36;8;16
23;22;0;25;16;8
149;23;24;28;8;0
215;23;16;1;0;24
81;23;8;6;0;16
12;23;0;60;16;8
18;24;24;8;16;0
59;24;16;10;0;24
23;24;8;24;24;16
63;24;0;22;0;8
181;25;24;61;24;0
64;25;16;49;0;24
216;25;8;4;8;16
91;25;0;63;0;8
209;26;24;20;16;0
175;26;16;20;0;24
123;26;8;8;8;16
108;26;0;13;0;8
201;27;24;51;8;0
160;27;16;17;0;24
25;27;8;22;8;16
4;27;0;5;16;8
59;28;24;2;8;0
139;28;16;24;24;24
52;28;8;27;16;16
231;28;0;57;24;8
69;29;24;40;24;0
153;29;16;21;16;24
69;29;8;49;0;16
31;29;0;31;8;8
216;30;24;22;0;0
139;30;16;11;24;24
22;30;8;38;24;16
47;30;0;7;0;8
254;31;24;21;8;0
125;31;16;63;24;24
170;31;8;44;0;16
128;31;0;39;16;8
27;32;24;34;0;0
130;32;16;11;16;24
28;32;8;9;0;16
17;32;0;9;8;8
6;33;24;36;24;0
246;33;16;16;16;24
141;33;8;60;0;16
205;33;0;17;0;8
21;34;24;52;8;0
251;34;16;15;16;24
66;34;8;52;24;16
76;34;0;47;8;8
17;35;24;41;0;0
39;35;16;12;0;24
115;35;8;7;0;16
149;35;0;59;24;8
161;36;24;21;8;0
122;36;16;5;16;24
200;36;8;58;16;16
124;36;0;51;8;8
82;37;24;33;24;0
217;37;16;52;8;24
190;37;8;11;8;16
243;37;0;48;24;8
61;38;24;11;24;0
32;38;16;13;0;24
222;38;8;31;0;16
226;38;0;33;8;8
63;39;24;20;24;0
175;39;16;14;8;24
145;39;8;45;16;16
91;39;0;3;0;8
130;40;24;50;0;0
26;40;16;42;8;24
61;40;8;26;24;16
237;40;0;10;16;8
139;41;24;16;24;0
232;41;16;3;8;24
9;41;8;58;24;16
135;41;0;52;16;8
91;42;24;56;24;0
231;42;16;36;24;24
40;42;8;27;0;16
62;42;0;32;24;8
161;43;24;9;0;0
152;43;16;41;16;24
69;43;8;10;16;16
86;43;0;12;8;8
11;44;24;53;8;0
56;44;16;59;8;24
57;44;8;63;8;16
50;44;0;45;16;8
228;45;24;28;8;0
59;45;16;10;16;24
40;45;8;8;16;16
104;45;0;4;16;8
189;46;24;55;24;0
3;46;16;7;24;24
128;46;8;1;0;16
61;46;0;24;8;8
193;47;24;41;16;0
55;47;16;40;16;24
182;47;8;35;0;16
202;47;0;29;16;8
125;48;24;1;0;0
185;48;16;21;8;24
227;48;8;34;8;16
15;48;0;1;0;8
27;49;24;15;0;0
96;49;16;23;16;24
107;49;8;53;0;16
156;49;0;18;16;8
145;50;24;60;8;0
230;50;16;42;0;24
73;50;8;42;24;16
216;50;0;25;24;8
213;51;24;45;16;0
141;51;16;13;0;24
37;51;8;7;24;16
28;51;0;22;0;8
171;52;24;59;8;0
99;52;16;53;0;24
53;52;8;9;16;16
196;52;0;34;0;8
199;53;24;6;16;0
142;53;16;13;8;24
201;53;8;54;8;16
123;53;0;48;0;8
41;54;24;63;0;0
48;54;16;45;0;24
227;54;8;22;0;16
179;54;0;51;8;8
224;55;24;38;16;0
237;55;16;36;8;24
210;55;8;8;0;16
148;55;0;49;8;8
128;56;24;53;16;0
218;56;16;14;16;24
216;56;8;39;24;16
99;56;0;62;0;8
52;57;24;28;8;0
52;57;16;43;24;24
142;57;8;33;24;16
48;57;0;35;24;8
103;58;24;25;8;0
190;58;16;14;8;24
67;58;8;35;0;16
65;58;0;55;0;8
7;59;24;43;24;0
91;59;16;49;16;24
34;59;8;22;24;16
109;59;0;54;24;8
163;60;24;23;16;0
98;60;16;12;0;24
190;60;8;55;24;16
57;60;0;35;8;8
64;61;24;9;0;0
181;61;16;58;0;24
185;61;8;13;16;16
28;61;0;56;24;8
96;62;24;35;8;0
129;62;16;57;0;24
247;62;8;49;16;16
85;62;0;9;24;8
242;63;24;50;8;0
202;63;16;35;24;24
115;63;8;39;24;16
188;63;0;54;24;8
73;0;24;62;16;0
98;0;16;29;16;24
162;0;8;15;8;16
63;0;0;60;16;8
247;1;24;41;16;0
66;1;16;50;0;24
150;1;8;63;8;16
37;1;0;30;0;8
238;2;24;3;0;0
224;2;16;7;16;24
64;2;8;4;8;16
46;2;0;57;0;8
130;3;24;1;8;0
72;3;16;35;24;24
225;3;8;22;8;16
35;3;0;59;8;8
79;4;24;19;8;0
185;4;16;15;8;24
203;4;8;12;0;16
218;4;0;53;24;8
95;5;24;30;16;0
143;5;16;14;24;24
112;5;8;15;16;16
228;5;0;40;8;8
205;6;24;43;8;0
78;6;16;15;24;24
168;6;8;35;0;16
64;6;0;40;0;8
111;7;24;34;24;0
112;7;16;37;8;24
149;7;8;48;16;16
6;7;0;43;16;8
158;8;24;52;16;0
37;8;16;50;16;24
160;8;8;38;24;16
72;8;0;10;16;8
68;9;24;34;24;0
115;9;16;53;8;24
14;9;8;53;16;16
159;9;0;27;8;8
152;10;24;45;16;0
49;10;16;17;8;24
69;10;8;56;24;16
248;10;0;58;8;8
187;11;24;21;8;0
84;11;16;62;24;24
61;11;8;21;24;16
80;11;0;32;8;8
215;12;24;41;16;0
96;12;16;63;16;24
40;12;8;1;8;16
235;12;0;62;0;8
240;13;24;22;24;0
175;13;16;40;8;24
1;13;8;47;0;16
51;13;0;16;16;8
231;14;24;0;24;0
32;14;16;25;24;24
252;14;8;14;24;16
25;14;0;11;0;8
201;15;24;47;16;0
180;15;16;48;8;24
25;15;8;44;8;16
66;15;0;58;8;8
253;16;24;0;16;0
148;16;16;32;0;24
196;16;8;6;0;16
77;16;0;61;0;8
191;17;24;24;24;0
247;17;16;56;16;24
8;17;8;28;8;16
247;17;0;49;8;8
197;18;24;36;8;0
181;18;16;1;24;24
106;18;8;16;8;16
160;18;0;23;16;8
182;19;24;62;8;0
90;19;16;31;16;24
84;19;8;55;16;16
96;19;0;55;16;8
104;20;24;41;0;0
115;20;16;62;16;24
110;20;8;38;24;16
152;20;0;38;8;8
203;21;24;61;8;0
110;21;16;42;0;24
235;21;8;5;0;16
206;21;0;5;16;8
238;22;24;28;8;0
127;22;16;29;16;24
63;22;8;16;0;16
121;22;0;57;0;8
103;23;24;27;0;0
79;23;16;34;8;24
103;23;8;49;0;16
142;23;0;63;16;8
67;24;24;25;8;0
146;24;16;37;0;24
112;24;8;60;8;16
40;24;0;13;8;8
102;25;24;38;8;0
21;25;16;1;0;24
175;25;8;28;24;16
175;25;0;55;8;8
206;26;24;39;24;0
240;26;16;18;16;24
157;26;8;61;16;16
112;26;0;19;24;8
37;27;24;31;8;0
115;27;16;34;0;24
126;27;8;9;24;16
85;27;0;43;24;8
103;28;24;5;16;0
97;28;16;18;8;24
39;28;8;41;0;16
220;28;0;5;0;8
79;29;24;40;24;0
23;29;16;40;0;24
166;29;8;29;8;16
214;29;0;55;8;8
115;30;24;54;16;0
215;30;16;31;8;24
251;30;8;10;24;16
160;30;0;41;16;8
186;31;24;27;24;0
112;31;16;59;0;24
65;31;8;37;24;16
241;31;0;55;24;8
83;32;24;59;16;0
235;32;16;51;16;24
35;32;8;62;0;16
111;32;0;31;16;8
145;33;24;21;16;0
169;33;16;38;8;24
3;33;8;40;16;16
206;33;0;6;8;8
145;34;24;30;16;0
98;34;16;2;16;24
180;34;8;9;24;16
21;34;0;12;16;8
62;35;24;45;0;0
106;35;16;20;8;24
109;35;8;0;24;16
233;35;0;20;0;8
60;36;24;0;0;0
131;36;16;47;8;24
101;36;8;34;8;16
196;36;0;8;16;8
249;37;24;49;8;0
172;37;16;20;16;24
102;37;8;23;0;16
189;37;0;36;24;8
150;38;24;11;0;0
104;38;16;62;8;24
79;38;8;15;0;16
84;38;0;6;8;8
250;39;24;54;24;0
138;39;16;39;16;24
145;39;8;44;0;16
40;39;0;45;24;8
56;40;24;15;16;0
93;40;16;17;24;24
9;40;8;35;8;16
203;40;0;36;16;8
144;41;24;1;16;0
114;41;16;32;8;24
79;41;8;44;16;16
112;41;0;3;8;8
86;42;24;2;0;0
117;42;16;16;8;24
81;42;8;34;0;16
155;42;0;16;24;8
112;43;24;50;24;0
237;43;16;45;24;24
247;43;8;48;24;16
15;43;0;3;16;8
45;44;24;29;24;0
247;44;16;40;0;24
29;44;8;36;0;16
84;44;0;42;16;8
13;45;24;37;16;0
143;45;16;55;24;24
147;45;8;3;24;16
31;45;0;36;8;8
171;46;24;33;24;0
102;46;16;17;0;24
220;46;8;55;24;16
157;46;0;47;8;8
185;47;24;15;24;0
52;47;16;50;8;24
202;47;8;43;24;16
21;47;0;50;16;8
11;48;24;53;16;0
217;48;16;0;24;24
121;48;8;1;16;16
125;48;0;59;8;8
7;49;24;52;16;0
160;49;16;43;0;24
20;49;8;21;24;16
64;49;0;36;16;8
72;50;24;6;16;0
97;50;16;13;8;24
178;50;8;49;24;16
94;50;0;58;8;8
105;51;24;27;8;0
212;51;16;19;8;24
33;51;8;48;16;16
88;51;0;39;8;8
123;52;24;45;8;0
128;52;16;38;16;24
41;52;8;32;24;16
198;52;0;55;8;8
74;53;24;31;0;0
85;53;16;34;0;24
73;53;8;54;16;16
171;53;0;26;0;8
94;54;24;10;16;0
188;54;16;29;0;24
87;54;8;45;8;16
156;54;0;61;8;8
161;55;24;34;0;0
149;55;16;34;0;24
72;55;8;58;16;16
12;55;0;14;16;8
2;56;24;52;0;0
38;56;16;21;24;24
185;56;8;50;16;16
248;56;0;51;16;8
137;57;24;34;8;0
236;57;16;33;24;24
222;57;8;14;8;16
142;57;0;55;8;8
31;58;24;26;0;0
211;58;16;50;16;24
169;58;8;59;0;16
2;58;0;44;0;8
75;59;24;59;16;0
64;59;16;9;0;24
216;59;8;4;24;16
67;59;0;13;8;8
159;60;24;21;24;0
32;60;16;1;0;24
112;60;8;24;8;16
252;60;0;58;16;8
216;61;24;36;24;0
42;61;16;15;24;24
51;61;8;31;24;16
109;61;0;22;24;8
109;62;24;62;8;0
