{"machine": {
  "muxInputs": [
    {
      "input": [
        {
          "type": "constant",
          "value": "0"
        },
        {
          "type": "constant",
          "value": "8"
        },
        {
          "type": "constant",
          "value": "16"
        },
        {
          "type": "constant",
          "value": "24"
        },
        {
          "type": "register",
          "value": "ACCU"
        },
        {
          "type": "register",
          "value": "counter"
        },
        {
          "type": "register",
          "value": "j"
        },
        {
          "type": "register",
          "value": "i"
        },
        {
          "type": "constant",
          "value": "255"
        },
        {
          "type": "constant",
          "value": "65280"
        },
        {
          "type": "constant",
          "value": "16711680"
        },
        {
          "type": "constant",
          "value": "-16777216"
        },
        {
          "type": "register",
          "value": "tmp_S[i]"
        },
        {
          "type": "register",
          "value": "tmp_S[j]"
        },
        {
          "type": "constant",
          "value": "-256"
        },
        {
          "type": "constant",
          "value": "-65281"
        },
        {
          "type": "constant",
          "value": "-16711681"
        },
        {
          "type": "constant",
          "value": "16777215"
        },
        {
          "type": "register",
          "value": "wordIndex"
        },
        {
          "type": "register",
          "value": "index"
        },
        {
          "type": "register",
          "value": "i2"
        },
        {
          "type": "register",
          "value": "j1"
        },
        {
          "type": "register",
          "value": "j2"
        },
        {
          "type": "register",
          "value": "a"
        },
        {
          "type": "register",
          "value": "b"
        },
        {
          "type": "constant",
          "value": "256"
        },
        {
          "type": "constant",
          "value": "2"
        },
        {
          "type": "constant",
          "value": "3"
        },
        {
          "type": "register",
          "value": "ibox"
        },
        {
          "type": "register",
          "value": "pattern"
        }
      ],
      "muxType": "A"
    },
    {
      "input": [
        {
          "type": "register",
          "value": "MDR"
        },
        {
          "type": "register",
          "value": "PC"
        },
        {
          "type": "register",
          "value": "IR"
        },
        {
          "type": "register",
          "value": "ACCU"
        },
        {
          "type": "register",
          "value": "tmp_adr"
        },
        {
          "type": "constant",
          "value": "80"
        },
        {
          "type": "constant",
          "value": "4"
        },
        {
          "type": "constant",
          "value": "256"
        },
        {
          "type": "constant",
          "value": "8"
        },
        {
          "type": "constant",
          "value": "16"
        },
        {
          "type": "constant",
          "value": "24"
        },
        {
          "type": "constant",
          "value": "13265"
        },
        {
          "type": "register",
          "value": "i1"
        },
        {
          "type": "register",
          "value": "i2"
        },
        {
          "type": "register",
          "value": "ibox"
        },
        {
          "type": "register",
          "value": "j1"
        },
        {
          "type": "register",
          "value": "j2"
        },
        {
          "type": "constant",
          "value": "2"
        },
        {
          "type": "register",
          "value": "j"
        },
        {
          "type": "register",
          "value": "a"
        },
        {
          "type": "register",
          "value": "b"
        },
        {
          "type": "constant",
          "value": "255"
        },
        {
          "type": "register",
          "value": "index"
        },
        {
          "type": "constant",
          "value": "96"
        },
        {
          "type": "register",
          "value": "loopIndex"
        },
        {
          "type": "register",
          "value": "i"
        },
        {
          "type": "constant",
          "value": "13268"
        }
      ],
      "muxType": "B"
    }
  ],
  "registers": {"register": [
    {
      "size": "BITS_32",
      "name": "j",
      "description": ""
    },
    {
      "size": "BITS_32",
      "name": "i",
      "description": ""
    },
    {
      "size": "BITS_32",
      "name": "tmp_adr",
      "description": "Temporaeres Register fuer eine Adresse"
    },
    {
      "size": "BITS_32",
      "name": "tmp_S[i]",
      "description": "temporaeres Register fuer S[i]"
    },
    {
      "size": "BITS_32",
      "name": "tmp_S[j]",
      "description": "temporaeres Register fuer S[j]"
    },
    {
      "size": "BITS_32",
      "name": "counter",
      "description": "counter fÃƒÆ\u2019Ã\u2020\u2019Ãƒ\u2020\u2019ÃƒÆ\u2019\u2020\u2019ÃƒÆ\u2019Ã\u2020\u2019\u2020\u2019ÃƒÆ\u2019Ã\u2020\u2019Ãƒ\u2020\u2019\u2020\u2019ÃƒÆ\u2019Ã\u2020\u2019Ãƒ\u2020\u2019ÃƒÆ\u2019\u2020\u2019\u2020\u2019ÃƒÆ\u2019Ã\u2020\u2019Ãƒ\u2020\u2019ÃƒÆ\u2019\u2020\u2019ÃƒÆ\u2019Ã\u2020\u2019\u2020\u2019\u2020\u2019ÃƒÆ\u2019Ã\u2020\u2019Ãƒ\u2020\u2019ÃƒÆ\u2019\u2020\u2019ÃƒÆ\u2019Ã\u2020\u2019\u2020\u2019ÃƒÆ\u2019Ã\u2020\u2019Ãƒ\u2020\u2019\u2020\u2019\u2020\u2019ÃƒÆ\u2019Ã\u2020\u2019Ãƒ\u2020\u2019ÃƒÆ\u2019\u2020\u2019ÃƒÆ\u2019Ã\u2020\u2019\u2020\u2019ÃƒÆ\u2019Ã\u2020\u2019Ãƒ\u2020\u2019\u2020\u2019ÃƒÆ\u2019Ã\u2020\u2019Ãƒ\u2020\u2019ÃƒÆ\u2019\u2020\u2019\u2020\u2019\u2020\u2019ÃƒÆ\u2019Ã\u2020\u2019Ãƒ\u2020\u2019ÃƒÆ\u2019\u2020\u2019ÃƒÆ\u2019Ã\u2020\u2019\u2020\u2019ÃƒÆ\u2019Ã\u2020\u2019Ãƒ\u2020\u2019\u2020\u2019ÃƒÆ\u2019Ã\u2020\u2019Ãƒ\u2020\u2019ÃƒÆ\u2019\u2020\u2019\u2020\u2019ÃƒÆ\u2019Ã\u2020\u2019Ãƒ\u2020\u2019ÃƒÆ\u2019\u2020\u2019ÃƒÆ\u2019Ã\u2020\u2019\u2020\u2019\u2020\u2019\u2020\u2019ÃƒÆ\u2019Ã\u2020\u2019Ãƒ\u2020\u2019ÃƒÆ\u2019\u2020\u2019ÃƒÆ\u2019Ã\u2020\u2019\u2020\u2019ÃƒÆ\u2019Ã\u2020\u2019Ãƒ\u2020\u2019\u2020\u2019ÃƒÆ\u2019Ã\u2020\u2019Ãƒ\u2020\u2019ÃƒÆ\u2019\u2020\u2019\u2020\u2019ÃƒÆ\u2019Ã\u2020\u2019Ãƒ\u2020\u2019ÃƒÆ\u2019\u2020\u2019ÃƒÆ\u2019Ã\u2020\u2019\u2020\u2019\u2020\u2019ÃƒÆ\u2019Ã\u2020\u2019Ãƒ\u2020\u2019ÃƒÆ\u2019\u2020\u2019ÃƒÆ\u2019Ã\u2020\u2019\u2020\u2019ÃƒÆ\u2019Ã\u2020\u2019Ãƒ\u2020\u2019\u2020\u2019\u2020\u2019\u2020\u2019ÃƒÆ\u2019Ã\u2020\u2019Ãƒ\u2020\u2019ÃƒÆ\u2019\u2020\u2019ÃƒÆ\u2019Ã\u2020\u2019\u2020\u2019ÃƒÆ\u2019Ã\u2020\u2019Ãƒ\u2020\u2019\u2020\u2019ÃƒÆ\u2019Ã\u2020\u2019Ãƒ\u2020\u2019ÃƒÆ\u2019\u2020\u2019\u2020\u2019ÃƒÆ\u2019Ã\u2020\u2019Ãƒ\u2020\u2019ÃƒÆ\u2019\u2020\u2019ÃƒÆ\u2019Ã\u2020\u2019\u2020\u2019\u2020\u2019ÃƒÆ\u2019Ã\u2020\u2019Ãƒ\u2020\u2019ÃƒÆ\u2019\u2020\u2019ÃƒÆ\u2019Ã\u2020\u2019\u2020\u2019ÃƒÆ\u2019Ã\u2020\u2019Ãƒ\u2020\u2019\u2020\u2019\u2020\u2019ÃƒÆ\u2019Ã\u2020\u2019Ãƒ\u2020\u2019ÃƒÆ\u2019\u2020\u2019ÃƒÆ\u2019Ã\u2020\u2019\u2020\u2019ÃƒÆ\u2019Ã\u2020\u2019Ãƒ\u2020\u2019\u2020\u2019ÃƒÆ\u2019Ã\u2020\u2019Ãƒ\u2020\u2019ÃƒÆ\u2019\u2020\u2019\u2020\u2019\u2020\u2019\u2020\u2019ÃƒÆ\u2019Ã\u2020\u2019Ãƒ\u2020\u2019ÃƒÆ\u2019\u2020\u2019ÃƒÆ\u2019Ã\u2020\u2019\u2020\u2019ÃƒÆ\u2019Ã\u2020\u2019Ãƒ\u2020\u2019\u2020\u2019ÃƒÆ\u2019Ã\u2020\u2019Ãƒ\u2020\u2019ÃƒÆ\u2019\u2020\u2019\u2020\u2019ÃƒÆ\u2019Ã\u2020\u2019Ãƒ\u2020\u2019ÃƒÆ\u2019\u2020\u2019ÃƒÆ\u2019Ã\u2020\u2019\u2020\u2019\u2020\u2019ÃƒÆ\u2019Ã\u2020\u2019Ãƒ\u2020\u2019ÃƒÆ\u2019\u2020\u2019ÃƒÆ\u2019Ã\u2020\u2019\u2020\u2019ÃƒÆ\u2019Ã\u2020\u2019Ãƒ\u2020\u2019\u2020\u2019\u2020\u2019ÃƒÆ\u2019Ã\u2020\u2019Ãƒ\u2020\u2019ÃƒÆ\u2019\u2020\u2019ÃƒÆ\u2019Ã\u2020\u2019\u2020\u2019ÃƒÆ\u2019Ã\u2020\u2019Ãƒ\u2020\u2019\u2020\u2019ÃƒÆ\u2019Ã\u2020\u2019Ãƒ\u2020\u2019ÃƒÆ\u2019\u2020\u2019\u2020\u2019\u2020\u2019ÃƒÆ\u2019Ã\u2020\u2019Ãƒ\u2020\u2019ÃƒÆ\u2019\u2020\u2019ÃƒÆ\u2019Ã\u2020\u2019\u2020\u2019ÃƒÆ\u2019Ã\u2020\u2019Ãƒ\u2020\u2019\u2020\u2019ÃƒÆ\u2019Ã\u2020\u2019Ãƒ\u2020\u2019ÃƒÆ\u2019\u2020\u2019\u2020\u2019ÃƒÆ\u2019Ã\u2020\u2019Ãƒ\u2020\u2019ÃƒÆ\u2019\u2020\u2019ÃƒÆ\u2019Ã\u2020\u2019\u2020\u2019\u2020\u2019\u2020\u2019\u201aÃƒÆ\u2019Ã\u2020\u2019Ãƒ\u2020\u2019ÃƒÆ\u2019\u2020\u2019ÃƒÆ\u2019Ã\u2020\u2019\u2020\u2019ÃƒÆ\u2019Ã\u2020\u2019Ãƒ\u2020\u2019\u2020\u2019ÃƒÆ\u2019Ã\u2020\u2019Ãƒ\u2020\u2019ÃƒÆ\u2019\u2020\u2019\u2020\u2019ÃƒÆ\u2019Ã\u2020\u2019Ãƒ\u2020\u2019ÃƒÆ\u2019\u2020\u2019ÃƒÆ\u2019Ã\u2020\u2019\u2020\u2019\u2020\u2019ÃƒÆ\u2019Ã\u2020\u2019Ãƒ\u2020\u2019ÃƒÆ\u2019\u2020\u2019ÃƒÆ\u2019Ã\u2020\u2019\u2020\u2019ÃƒÆ\u2019Ã\u2020\u2019Ãƒ\u2020\u2019\u2020\u2019\u2020\u2019ÃƒÆ\u2019Ã\u2020\u2019Ãƒ\u2020\u2019ÃƒÆ\u2019\u2020\u2019ÃƒÆ\u2019Ã\u2020\u2019\u2020\u2019ÃƒÆ\u2019Ã\u2020\u2019Ãƒ\u2020\u2019\u2020\u2019ÃƒÆ\u2019Ã\u2020\u2019Ãƒ\u2020\u2019ÃƒÆ\u2019\u2020\u2019\u2020\u2019\u2020\u2019\u201aÃƒÆ\u2019Ã\u2020\u2019Ãƒ\u2020\u2019ÃƒÆ\u2019\u2020\u2019ÃƒÆ\u2019Ã\u2020\u2019\u2020\u2019ÃƒÆ\u2019Ã\u2020\u2019Ãƒ\u2020\u2019\u2020\u2019ÃƒÆ\u2019Ã\u2020\u2019Ãƒ\u2020\u2019ÃƒÆ\u2019\u2020\u2019\u2020\u2019ÃƒÆ\u2019Ã\u2020\u2019Ãƒ\u2020\u2019ÃƒÆ\u2019\u2020\u2019ÃƒÆ\u2019Ã\u2020\u2019\u2020\u2019\u2020\u2019ÃƒÆ\u2019Ã\u2020\u2019Ãƒ\u2020\u2019ÃƒÆ\u2019\u2020\u2019ÃƒÆ\u2019Ã\u2020\u2019\u2020\u2019ÃƒÆ\u2019Ã\u2020\u2019Ãƒ\u2020\u2019\u2020\u2019\u2020\u2019\u201aÃƒÆ\u2019Ã\u2020\u2019Ãƒ\u2020\u2019ÃƒÆ\u2019\u2020\u2019ÃƒÆ\u2019Ã\u2020\u2019\u2020\u2019ÃƒÆ\u2019Ã\u2020\u2019Ãƒ\u2020\u2019\u2020\u2019ÃƒÆ\u2019Ã\u2020\u2019Ãƒ\u2020\u2019ÃƒÆ\u2019\u2020\u2019\u2020\u2019ÃƒÆ\u2019Ã\u2020\u2019Ãƒ\u2020\u2019ÃƒÆ\u2019\u2020\u2019ÃƒÆ\u2019Ã\u2020\u2019\u2020\u2019\u2020\u2019\u201aÃƒÆ\u2019Ã\u2020\u2019Ãƒ\u2020\u2019ÃƒÆ\u2019\u2020\u2019ÃƒÆ\u2019Ã\u2020\u2019\u2020\u2019ÃƒÆ\u2019Ã\u2020\u2019Ãƒ\u2020\u2019\u2020\u2019ÃƒÆ\u2019Ã\u2020\u2019Ãƒ\u2020\u2019ÃƒÆ\u2019\u2020\u2019\u2020\u2019\u201aÃƒÆ\u2019Ã\u2020\u2019Ãƒ\u2020\u2019ÃƒÆ\u2019\u2020\u2019ÃƒÆ\u2019Ã\u2020\u2019\u2020\u2019ÃƒÆ\u2019Ã\u2020\u2019Ãƒ\u2020\u2019\u2020\u2019\u201aÃƒÆ\u2019Ã\u2020\u2019Ãƒ\u2020\u2019ÃƒÆ\u2019\u2020\u2019ÃƒÆ\u2019Ã\u2020\u2019\u2020\u2019\u201aÃƒÆ\u2019Ã\u2020\u2019Ãƒ\u2020\u2019ÃƒÆ\u2019\u2020\u2019\u201aÃƒÆ\u2019Ã\u2020\u2019Ãƒ\u2020\u2019\u201aÃƒÆ\u2019Ã\u2020\u2019\u201aÃƒÆ\u2019\u201aÃƒ\u201aÃ\u201aÂ¼r die For-Schleife\n"
    },
    {
      "size": "BITS_32",
      "name": "wordIndex",
      "description": ""
    },
    {
      "size": "BITS_32",
      "name": "pattern",
      "description": ""
    },
    {
      "size": "BITS_32",
      "name": "loopIndex",
      "description": ""
    },
    {
      "size": "BITS_32",
      "name": "i1",
      "description": ""
    },
    {
      "size": "BITS_32",
      "name": "i2",
      "description": ""
    },
    {
      "size": "BITS_32",
      "name": "ibox",
      "description": ""
    },
    {
      "size": "BITS_32",
      "name": "j1",
      "description": ""
    },
    {
      "size": "BITS_32",
      "name": "j2",
      "description": ""
    },
    {
      "size": "BITS_32",
      "name": "index",
      "description": ""
    },
    {
      "size": "BITS_32",
      "name": "a",
      "description": ""
    },
    {
      "size": "BITS_32",
      "name": "b",
      "description": ""
    }
  ]},
  "alu": {"operation": [
    "A_ADD_B",
    "A_SUB_B",
    "B_SUB_A",
    "TRANS_A",
    "TRANS_B",
    "A_AND_B",
    "A_MOD_B",
    "A_DIV_B",
    "A_INC",
    "A_DEC",
    "A_OR_B",
    "B_SRU_A",
    "A_SL_B",
    "A_MUL_B",
    "A_INV",
    "A_XOR_B"
  ]}
}}