{"machine": {
  "muxInputs": [
    {
      "input": [
        {
          "type": "constant",
          "value": "0"
        },
        {
          "type": "constant",
          "value": "1"
        },
        {
          "type": "constant",
          "value": "8"
        },
        {
          "type": "constant",
          "value": "16"
        },
        {
          "type": "constant",
          "value": "24"
        },
        {
          "type": "register",
          "value": "ACCU"
        },
        {
          "type": "register",
          "value": "R1"
        },
        {
          "type": "register",
          "value": "R2"
        },
        {
          "type": "constant",
          "value": "255"
        },
        {
          "type": "constant",
          "value": "65280"
        },
        {
          "type": "constant",
          "value": "16711680"
        },
        {
          "type": "constant",
          "value": "-16777216"
        }
      ],
      "muxType": "A"
    },
    {
      "input": [
        {
          "type": "register",
          "value": "MDR"
        },
        {
          "type": "register",
          "value": "PC"
        },
        {
          "type": "register",
          "value": "IR"
        },
        {
          "type": "register",
          "value": "ACCU"
        },
        {
          "type": "register",
          "value": "R3"
        },
        {
          "type": "constant",
          "value": "80"
        },
        {
          "type": "constant",
          "value": "4"
        },
        {
          "type": "constant",
          "value": "256"
        }
      ],
      "muxType": "B"
    }
  ],
  "registers": {"register": [
    {
      "size": "BITS_32",
      "name": "R1",
      "description": ""
    },
    {
      "size": "BITS_32",
      "name": "R2",
      "description": ""
    },
    {
      "size": "BITS_32",
      "name": "R3",
      "description": ""
    }
  ]},
  "alu": {"operation": [
    "A_ADD_B",
    "B_SUB_A",
    "TRANS_A",
    "TRANS_B",
    "A_AND_B",
    "B_SR_A",
    "A_MOD_B",
    "A_DIV_B"
  ]}
}}